model,city,feature,mape_increase,importance_pct
Random Forest,Vitoria-Gasteiz,is_weekend,0.22996038169628683,1.3360590205826472
Random Forest,Vitoria-Gasteiz,is_holiday_es,0.03160364306651786,0.1836156823659387
Random Forest,Vitoria-Gasteiz,is_bridge_day,-7.105427357601002e-16,0.0
Random Forest,Vitoria-Gasteiz,sin_dow,1.203495089969473,6.992249966362803
Random Forest,Vitoria-Gasteiz,cos_dow,0.6747490364339404,3.9202602209438404
Random Forest,Vitoria-Gasteiz,sin_month,0.020672158911387052,0.1201042726783863
Random Forest,Vitoria-Gasteiz,cos_month,0.006951983958749697,0.04039070039160303
Random Forest,Vitoria-Gasteiz,sin_week,0.03769380779833984,0.21899925351312663
Random Forest,Vitoria-Gasteiz,cos_week,0.03728154755852016,0.21660404087616855
Random Forest,Vitoria-Gasteiz,lag_1d,10.767823011550366,62.56054612754877
Random Forest,Vitoria-Gasteiz,lag_7d,1.8077266798946077,10.502807134017333
Random Forest,Vitoria-Gasteiz,lag_14d,0.32750642172258304,1.9027969331652363
Random Forest,Vitoria-Gasteiz,lag_30d,0.05919392303592854,0.3439139135726365
Random Forest,Vitoria-Gasteiz,roll7_mean,1.7079171629252685,9.922918526670168
Random Forest,Vitoria-Gasteiz,roll7_std,-0.02608047691567448,0.0
Random Forest,Vitoria-Gasteiz,roll30_mean,0.03743932788630513,0.21752073717251583
Random Forest,Vitoria-Gasteiz,roll7_ratio,0.14846806363228487,0.8625924788485235
Random Forest,Vitoria-Gasteiz,wow_change,0.025967251912839374,0.15086851440224083
Random Forest,Vitoria-Gasteiz,dod_change,0.08739355941139167,0.5077524768880688
Ridge,Vitoria-Gasteiz,is_weekend,3.0167610764957877,10.487348886804977
Ridge,Vitoria-Gasteiz,is_holiday_es,0.2829647312517637,0.9836873998471575
Ridge,Vitoria-Gasteiz,is_bridge_day,0.0204508393264355,0.07109448895881769
Ridge,Vitoria-Gasteiz,sin_dow,-0.1292688339116898,0.0
Ridge,Vitoria-Gasteiz,cos_dow,0.4102439094520244,1.426155700771558
Ridge,Vitoria-Gasteiz,sin_month,0.18698950598369998,0.6500429227561689
Ridge,Vitoria-Gasteiz,cos_month,0.6971761601683137,2.4236356283610854
Ridge,Vitoria-Gasteiz,sin_week,1.0155181636088302,3.530307177996424
Ridge,Vitoria-Gasteiz,cos_week,0.907464443967043,3.154673500795598
Ridge,Vitoria-Gasteiz,lag_1d,16.44428337899883,57.166256331234436
Ridge,Vitoria-Gasteiz,lag_7d,1.0650729361608633,3.702577429296242
Ridge,Vitoria-Gasteiz,lag_14d,0.3032098249178021,1.0540666427298633
Ridge,Vitoria-Gasteiz,lag_30d,0.2639772050224679,0.9176799146619901
Ridge,Vitoria-Gasteiz,roll7_mean,0.5396243114732763,1.8759286130792359
Ridge,Vitoria-Gasteiz,roll7_std,0.1493926193141367,0.5193425929775246
Ridge,Vitoria-Gasteiz,roll30_mean,0.04684906213912754,0.1628642266371811
Ridge,Vitoria-Gasteiz,roll7_ratio,2.9742944760965946,10.339719676824517
Ridge,Vitoria-Gasteiz,wow_change,0.4414441164283135,1.5346188662672318
Ridge,Vitoria-Gasteiz,dod_change,-0.04411844075963156,0.0
N-BEATS v2,Vitoria-Gasteiz,is_weekend,0.4039075602266995,12.264763622956547
N-BEATS v2,Vitoria-Gasteiz,is_holiday_es,0.0345950937418535,1.0504894907629636
N-BEATS v2,Vitoria-Gasteiz,is_bridge_day,0.023015571274302184,0.6988741215148107
N-BEATS v2,Vitoria-Gasteiz,sin_dow,0.3558157198505555,10.804441726344091
N-BEATS v2,Vitoria-Gasteiz,cos_dow,0.7893774004943287,23.969660832624513
N-BEATS v2,Vitoria-Gasteiz,sin_month,0.05710358590415652,1.7339660162453605
N-BEATS v2,Vitoria-Gasteiz,cos_month,0.06272889854740224,1.9047801744054955
N-BEATS v2,Vitoria-Gasteiz,sin_week,0.1068867414702523,3.245645161543709
N-BEATS v2,Vitoria-Gasteiz,cos_week,0.174632054255291,5.302750127356707
N-BEATS v2,Vitoria-Gasteiz,lag_1d,0.0038836240221682417,0.11792730645000847
N-BEATS v2,Vitoria-Gasteiz,lag_7d,0.17969764163522983,5.456568074689782
N-BEATS v2,Vitoria-Gasteiz,lag_14d,0.15051496056620114,4.57042797621062
N-BEATS v2,Vitoria-Gasteiz,lag_30d,0.30820223126334084,9.358645112735855
N-BEATS v2,Vitoria-Gasteiz,roll7_mean,0.0705683834446286,2.1428282791160234
N-BEATS v2,Vitoria-Gasteiz,roll7_std,0.1402844682021347,4.259776275308283
N-BEATS v2,Vitoria-Gasteiz,roll30_mean,0.05682153103582488,1.7254013429650434
N-BEATS v2,Vitoria-Gasteiz,roll7_ratio,0.11690503013914313,3.5498532391581175
N-BEATS v2,Vitoria-Gasteiz,wow_change,0.09068075716655769,2.7535460122962925
N-BEATS v2,Vitoria-Gasteiz,dod_change,0.1676143332223238,5.089655107315774
Random Forest,Donostia/San Sebastian,is_weekend,0.03029295827989218,0.19691220946629498
Random Forest,Donostia/San Sebastian,is_holiday_es,0.002547957487301478,0.016562394924095506
Random Forest,Donostia/San Sebastian,is_bridge_day,1.5099033134902129e-15,9.814769320076318e-15
Random Forest,Donostia/San Sebastian,sin_dow,0.6202885650583625,4.032039087228907
Random Forest,Donostia/San Sebastian,cos_dow,1.516381854119912,9.856881540933864
Random Forest,Donostia/San Sebastian,sin_month,0.005537956961046397,0.035998179215555176
Random Forest,Donostia/San Sebastian,cos_month,0.009812529699746442,0.06378402814865625
Random Forest,Donostia/San Sebastian,sin_week,-0.0057541984310789385,0.0
Random Forest,Donostia/San Sebastian,cos_week,-0.00925430979419759,0.0
Random Forest,Donostia/San Sebastian,lag_1d,12.322453416868504,80.09919354663006
Random Forest,Donostia/San Sebastian,lag_7d,0.14073275497990884,0.9147999832610343
Random Forest,Donostia/San Sebastian,lag_14d,0.16006599010213862,1.0404711048753474
Random Forest,Donostia/San Sebastian,lag_30d,0.04170990080648891,0.2711253436702968
Random Forest,Donostia/San Sebastian,roll7_mean,0.30245266313117464,1.9660219911786243
Random Forest,Donostia/San Sebastian,roll7_std,0.06416153736182753,0.41706689613929193
Random Forest,Donostia/San Sebastian,roll30_mean,0.027363971006098487,0.17787302054811618
Random Forest,Donostia/San Sebastian,roll7_ratio,0.02355291478533328,0.15310015109451536
Random Forest,Donostia/San Sebastian,wow_change,0.004778600382513787,0.031062161403426373
Random Forest,Donostia/San Sebastian,dod_change,0.11185829112868614,0.7271083612819094
Ridge,Donostia/San Sebastian,is_weekend,2.7806649724387014,14.846581643464651
Ridge,Donostia/San Sebastian,is_holiday_es,0.18931442935489073,1.010791360901809
Ridge,Donostia/San Sebastian,is_bridge_day,9.100792753615749e-05,0.0004859113340731172
Ridge,Donostia/San Sebastian,sin_dow,-0.008983960285202652,0.0
Ridge,Donostia/San Sebastian,cos_dow,0.8097109924946626,4.323225011584099
Ridge,Donostia/San Sebastian,sin_month,0.041460268346263485,0.2213654881346276
Ridge,Donostia/San Sebastian,cos_month,0.06342722992577828,0.33865192565287744
Ridge,Donostia/San Sebastian,sin_week,0.041962148238456363,0.22404513522210828
Ridge,Donostia/San Sebastian,cos_week,0.023242635860446902,0.12409754297325772
Ridge,Donostia/San Sebastian,lag_1d,12.251126634260498,65.4114586269103
Ridge,Donostia/San Sebastian,lag_7d,0.37598894613504064,2.0074876481572144
Ridge,Donostia/San Sebastian,lag_14d,0.2463073309379678,1.3150889928847835
Ridge,Donostia/San Sebastian,lag_30d,0.016463175467216873,0.08790051340502071
Ridge,Donostia/San Sebastian,roll7_mean,1.3745890337144608,7.3392330674611
Ridge,Donostia/San Sebastian,roll7_std,0.05640486838588643,0.301157993458488
Ridge,Donostia/San Sebastian,roll30_mean,0.2418014068664253,1.291030873596598
Ridge,Donostia/San Sebastian,roll7_ratio,0.2153186075981314,1.149633385808134
Ridge,Donostia/San Sebastian,wow_change,-0.005326313686084961,0.0
Ridge,Donostia/San Sebastian,dod_change,0.001454309666053577,0.00776487905085812
N-BEATS v2,Donostia/San Sebastian,is_weekend,0.33221437779864277,10.620481259750237
N-BEATS v2,Donostia/San Sebastian,is_holiday_es,0.06883884340167716,2.200692369592501
N-BEATS v2,Donostia/San Sebastian,is_bridge_day,0.026103638193025837,0.8345009089533272
N-BEATS v2,Donostia/San Sebastian,sin_dow,0.6252264952301767,19.987714919780153
N-BEATS v2,Donostia/San Sebastian,cos_dow,1.0232323365555889,32.711467597425205
N-BEATS v2,Donostia/San Sebastian,sin_month,0.019563786120306802,0.625429956515654
N-BEATS v2,Donostia/San Sebastian,cos_month,0.03897085454133542,1.2458498427288602
N-BEATS v2,Donostia/San Sebastian,sin_week,0.026557651786379255,0.8490151599373843
N-BEATS v2,Donostia/San Sebastian,cos_week,0.3130047190480072,10.006372315642533
N-BEATS v2,Donostia/San Sebastian,lag_1d,0.043694760474966274,1.3968672513473335
N-BEATS v2,Donostia/San Sebastian,lag_7d,0.14909002191195997,4.7662229257622215
N-BEATS v2,Donostia/San Sebastian,lag_14d,0.13242656237354944,4.233512809713118
N-BEATS v2,Donostia/San Sebastian,lag_30d,-0.02779423590099306,0.0
N-BEATS v2,Donostia/San Sebastian,roll7_mean,0.05777884436005918,1.8471179297000948
N-BEATS v2,Donostia/San Sebastian,roll7_std,-0.02846962933953221,0.0
N-BEATS v2,Donostia/San Sebastian,roll30_mean,0.10018735486275285,3.2028653661363613
N-BEATS v2,Donostia/San Sebastian,roll7_ratio,0.0649460036324605,2.076243114595974
N-BEATS v2,Donostia/San Sebastian,wow_change,0.07209862332610784,2.3049034872079757
N-BEATS v2,Donostia/San Sebastian,dod_change,0.034119022185984525,1.090742785211061
Random Forest,Pamplona/Iruna,is_weekend,0.03200489705361838,0.33098669575830786
Random Forest,Pamplona/Iruna,is_holiday_es,0.0996813989104676,1.0308802680623321
Random Forest,Pamplona/Iruna,is_bridge_day,-1.0431667025656565e-05,0.0
Random Forest,Pamplona/Iruna,sin_dow,0.6359865182761737,6.577214601828021
Random Forest,Pamplona/Iruna,cos_dow,0.4811749133015618,4.976191436224866
Random Forest,Pamplona/Iruna,sin_month,0.0024281327119797247,0.025111145392981867
Random Forest,Pamplona/Iruna,cos_month,0.007075620264906757,0.07317430729424071
Random Forest,Pamplona/Iruna,sin_week,0.02003301014003389,0.20717641494781347
Random Forest,Pamplona/Iruna,cos_week,0.13260279596457902,1.371345179179917
Random Forest,Pamplona/Iruna,lag_1d,5.365087552552127,55.484402855546506
Random Forest,Pamplona/Iruna,lag_7d,2.0513899372074675,21.21496519393986
Random Forest,Pamplona/Iruna,lag_14d,0.08495537699192086,0.8785874071192551
Random Forest,Pamplona/Iruna,lag_30d,0.00580669486789862,0.06005139602175973
Random Forest,Pamplona/Iruna,roll7_mean,0.6083526531837766,6.291432032909267
Random Forest,Pamplona/Iruna,roll7_std,0.017625322881374306,0.18227671135470294
Random Forest,Pamplona/Iruna,roll30_mean,0.02244427645265281,0.23211313222798435
Random Forest,Pamplona/Iruna,roll7_ratio,0.04610231366372162,0.47677867673825686
Random Forest,Pamplona/Iruna,wow_change,0.02712950126675535,0.28056656351091075
Random Forest,Pamplona/Iruna,dod_change,0.029660931087291332,0.30674598194301983
Ridge,Pamplona/Iruna,is_weekend,3.0797097863579834,21.38193590094392
Ridge,Pamplona/Iruna,is_holiday_es,0.5983811078141573,4.1544649915694665
Ridge,Pamplona/Iruna,is_bridge_day,0.036541213826289366,0.253699843809109
Ridge,Pamplona/Iruna,sin_dow,0.10226960126101092,0.7100415982260497
Ridge,Pamplona/Iruna,cos_dow,0.47053364621164795,3.266840371486031
Ridge,Pamplona/Iruna,sin_month,-0.03203457911281147,0.0
Ridge,Pamplona/Iruna,cos_month,-0.005015946733750365,0.0
Ridge,Pamplona/Iruna,sin_week,0.03044879482501539,0.21140114633314147
Ridge,Pamplona/Iruna,cos_week,0.17309205316255216,1.2017506331534125
Ridge,Pamplona/Iruna,lag_1d,9.457723878844604,65.6634747345559
Ridge,Pamplona/Iruna,lag_7d,0.02711672631120088,0.18826712386922945
Ridge,Pamplona/Iruna,lag_14d,0.14047715660796004,0.975310586550546
Ridge,Pamplona/Iruna,lag_30d,0.1572654176678352,1.0918688166346444
Ridge,Pamplona/Iruna,roll7_mean,0.011437510409459683,0.07940881817005686
Ridge,Pamplona/Iruna,roll7_std,0.008645483904360684,0.06002422159858502
Ridge,Pamplona/Iruna,roll30_mean,0.00884255327900707,0.06139244296651826
Ridge,Pamplona/Iruna,roll7_ratio,0.07676344715142047,0.5329564213478065
Ridge,Pamplona/Iruna,wow_change,7.064557079328182e-05,0.0004904809774864818
Ridge,Pamplona/Iruna,dod_change,0.024006291328208817,0.16667186780809254
N-BEATS v2,Pamplona/Iruna,is_weekend,0.13043447767633376,5.186418364367139
N-BEATS v2,Pamplona/Iruna,is_holiday_es,0.056056660622246124,2.228960465635112
N-BEATS v2,Pamplona/Iruna,is_bridge_day,-0.009149502238166995,0.0
N-BEATS v2,Pamplona/Iruna,sin_dow,0.72537548058925,28.84283956673771
N-BEATS v2,Pamplona/Iruna,cos_dow,0.4477881545979724,17.805236389384326
N-BEATS v2,Pamplona/Iruna,sin_month,0.15691262282430357,6.239259152295759
N-BEATS v2,Pamplona/Iruna,cos_month,0.02724642584068295,1.083389651731056
N-BEATS v2,Pamplona/Iruna,sin_week,0.16874036796777164,6.709561450537471
N-BEATS v2,Pamplona/Iruna,cos_week,0.14713483385152282,5.850468510475005
N-BEATS v2,Pamplona/Iruna,lag_1d,0.02619262838540095,1.0414878894687796
N-BEATS v2,Pamplona/Iruna,lag_7d,0.04276186354872724,1.700324318804866
N-BEATS v2,Pamplona/Iruna,lag_14d,0.02152919920972849,0.8560576631320692
N-BEATS v2,Pamplona/Iruna,lag_30d,0.17017550399452616,6.766626238752398
N-BEATS v2,Pamplona/Iruna,roll7_mean,-0.04097451587936849,0.0
N-BEATS v2,Pamplona/Iruna,roll7_std,0.049909192933330446,1.9845209594237045
N-BEATS v2,Pamplona/Iruna,roll30_mean,-0.007279013966062564,0.0
N-BEATS v2,Pamplona/Iruna,roll7_ratio,0.03708156009428611,1.4744604929505083
N-BEATS v2,Pamplona/Iruna,wow_change,0.29647785554444256,11.788740385341226
N-BEATS v2,Pamplona/Iruna,dod_change,0.01110712393265576,0.4416485009628689
