date,actual,Naive,Seasonal Naive (365d),Rolling Mean (7d),SARIMA,Ridge (calendar only),Random Forest (calendar only),LSTM v2 (no history),N-BEATS v2 (no history),Hybrid v2 (no history)
2021-08-15,0.2852491447509087,0.3025751550138977,0.2941516617063491,0.3029733841901096,0.28979657337734077,0.24340378258265674,0.23989482287084948,0.29507491130694447,0.295195595994911,0.2900845699151247
2021-08-16,0.2963959001496685,0.3025751550138977,0.2899532180059523,0.3029733841901096,0.32193155879675883,0.27974367886970414,0.2560125490782237,0.31411928871604516,0.31800489548567146,0.31411660377560763
2021-08-17,0.2961581141757536,0.3025751550138977,0.3098528955853174,0.3029733841901096,0.3305493022587417,0.2823799249187373,0.2602795783846679,0.30699362349025583,0.31647343914325016,0.3179227049317315
2021-08-18,0.2948153463758819,0.3025751550138977,0.3133356584821428,0.3029733841901096,0.32968889630345755,0.28025445760595563,0.2571237336816344,0.3045807989589763,0.3134278335394922,0.3178597422453579
2021-08-19,0.2977824192858669,0.3025751550138977,0.3226910652281746,0.3029733841901096,0.33173449777453734,0.27496779716951547,0.2613006925555331,0.30229727875873286,0.31275619869950316,0.3309806892280572
2021-08-20,0.2958691736155655,0.3025751550138977,0.3318564918154761,0.3029733841901096,0.32394908378745885,0.2705009067462763,0.2550532959136679,0.2972036665422477,0.30727963825904286,0.3396175679091347
2021-08-21,0.2920423615565533,0.3025751550138977,0.3313430679563491,0.3029733841901096,0.2998621173466394,0.24338923291439082,0.2384768357795301,0.27891348474855204,0.280668016878568,0.32069741135030444
2021-08-22,0.2777653944836433,0.3025751550138977,0.2966536148313491,0.3029733841901096,0.287824696823307,0.24750265348489195,0.2311229276730244,0.2836120220715152,0.28423883900472646,0.2951453416715893
2021-08-23,0.3035843756681633,0.3025751550138977,0.2891363157242063,0.3029733841901096,0.3210194081538625,0.2842314812240994,0.2572248577356065,0.30604958129553905,0.30749392113300417,0.3160744791036489
2021-08-24,0.3084424844986101,0.3025751550138977,0.319051029265873,0.3029733841901096,0.3287647439046601,0.2868677272731326,0.2586345109923431,0.30840494718926675,0.3145203224523542,0.33030094362426776
2021-08-25,0.3086804842847979,0.3025751550138977,0.3251176835317459,0.3029733841901096,0.3286160800663947,0.28474225996035085,0.25727121220295424,0.3121971518939906,0.31394187176494276,0.33220180492121404
2021-08-26,0.3099354821466751,0.3025751550138977,0.328990482390873,0.3029733841901096,0.33027996011113775,0.27945559952391075,0.2613515154143827,0.3137199619596137,0.3169820150330926,0.3401658062612639
2021-08-27,0.3090100491768227,0.3025751550138977,0.3365489831349206,0.3029733841901096,0.3228825993054377,0.2749887091006715,0.25970301036736243,0.30810600295587526,0.31674257054936183,0.3477135803881756
2021-08-28,0.2894002298481932,0.3025751550138977,0.3393760540674603,0.3029733841901096,0.29886028738440673,0.24787703526878607,0.24131687085759235,0.2906523576734117,0.29361424499385624,0.3322096251784
2021-08-29,0.2735548963010476,0.3025751550138977,0.3146902281746031,0.3029733841901096,0.2869705126916017,0.2519904558392872,0.23687482744744467,0.2850752101144509,0.28687999751773235,0.31721258018968346
2021-08-30,0.3045213545007483,0.3025751550138977,0.3065627790178571,0.3029733841901096,0.32001475697097226,0.28904277276667684,0.265946320202347,0.3046594338320019,0.30770681178933484,0.3371029896567396
2021-08-31,0.3133809065640367,0.3025751550138977,0.3206032676091269,0.3029733841901096,0.32784590748736137,0.29167901881570996,0.2672145680934501,0.3080528178211374,0.31695998167580797,0.33625320988656215
2021-09-01,0.3303943767372247,0.3025751550138977,0.3327411644345238,0.3029733841901096,0.32763145632424717,0.2908964206557859,0.2707872416850314,0.3146938920402999,0.3127814014704895,0.3438294143078736
2021-09-02,0.3370171584348941,0.3025751550138977,0.3264663938492063,0.3029733841901096,0.329337998130618,0.2856097602193458,0.26810278776213103,0.32716356406062597,0.3248808162385115,0.3388890143091854
2021-09-03,0.3278247808424203,0.3025751550138977,0.3285344742063492,0.3029733841901096,0.3219133231565978,0.2811428697961066,0.2631909978002645,0.32910169564732034,0.3296333581373506,0.3371788417997235
2021-09-04,0.3014563822963438,0.3025751550138977,0.3263162512400793,0.3029733841901096,0.29792535388418606,0.25403119596422113,0.2395990470022901,0.3094541393444404,0.30409043085449433,0.31928569999476897
2021-09-05,0.2921536508445584,0.3025751550138977,0.3139009176587301,0.3029733841901096,0.28602948471571493,0.2581446165347222,0.23719595331956025,0.30353278837285264,0.2968799880493682,0.3175565463955096
2021-09-06,0.3430039822535813,0.3025751550138977,0.3080219494047619,0.3029733841901096,0.31906058411560073,0.29545026318551826,0.2662216712728512,0.3220318692441352,0.3282739048353846,0.34167600615534915
2021-09-07,0.3607747220440453,0.3025751550138977,0.3371951264880952,0.3029733841901096,0.326878315939327,0.29808650923455143,0.27205555620375627,0.34045866133353975,0.3466516036992613,0.3516511179654934
2021-09-08,0.3526678159076331,0.3025751550138977,0.3415678013392857,0.3029733841901096,0.3266694658787434,0.2959610419217697,0.27509910988838193,0.35388667543958513,0.3441668172545909,0.35217414641463346
2021-09-09,0.35526817404319,0.3025751550138977,0.3409561941964285,0.3029733841901096,0.3283710074446439,0.2906743814853296,0.2730678064232919,0.35244473505894075,0.3425019622506754,0.35321466027158194
2021-09-10,0.3388206115031003,0.3025751550138977,0.3469774615575396,0.3029733841901096,0.3209543818599902,0.28620749106209037,0.266145979388383,0.3485875706901961,0.34689467763382387,0.35593010774188344
2021-09-11,0.31016909878127,0.3025751550138977,0.344266369047619,0.3029733841901096,0.29698210121932994,0.2590958172302049,0.24968438591392336,0.32190343171990216,0.31875435892308435,0.3376169745158055
2021-09-12,0.2995641971349155,0.3025751550138977,0.3132000558035714,0.3029733841901096,0.2850961168067956,0.26320923780070604,0.25096439008227994,0.31223715333307844,0.31234940481407547,0.3177777082122131
2021-09-13,0.3485570878768441,0.3025751550138977,0.3057350570436507,0.3029733841901096,0.31810234664356973,0.3006943605923165,0.27668685826326567,0.3307710493301188,0.34341218687383235,0.3405655457954583
2021-09-14,0.3497165116527688,0.3025751550138977,0.3630392175099206,0.3029733841901096,0.3259150286425635,0.3033306066413497,0.2805265082304427,0.3469240861126787,0.3525248783695035,0.379285119358384
2021-09-15,0.3537683344023946,0.3025751550138977,0.3633730158730158,0.3029733841901096,0.3257058906830529,0.30120513932856796,0.27776227895108124,0.34761448562508046,0.3401681696771022,0.37500285474881717
2021-09-16,0.3519558210391276,0.3025751550138977,0.357770275297619,0.3029733841901096,0.32740650261731263,0.29591847889212786,0.28024202761777645,0.35240590792515875,0.34671751975626314,0.371241560636928
2021-09-17,0.3345898813341885,0.3025751550138977,0.3647665240575397,0.3029733841901096,0.3199950490405234,0.29145158846888863,0.27353715998769396,0.3465320569978798,0.3471077038800455,0.37515939915934193
2021-09-18,0.3249669927303826,0.3025751550138977,0.3676513516865079,0.3029733841901096,0.2960403221421105,0.2643399146370032,0.24961108601531673,0.3184273960072206,0.31098541893575377,0.3623319413290932
2021-09-19,0.3091567243959803,0.3025751550138977,0.3320879836309524,0.3029733841901096,0.2841628679459247,0.2684533352075043,0.2529350114929552,0.32129066710508003,0.3165398830323276,0.33832337229145737
2021-09-20,0.3391656243318366,0.3025751550138977,0.3112604166666666,0.3029733841901096,0.31714520046302747,0.3060414633910591,0.2871348977308609,0.3398893629637697,0.3492385087018258,0.3475490129261626
2021-09-21,0.339051368398546,0.3025751550138977,0.3549708271329365,0.3029733841901096,0.3249521586459897,0.30867770944009226,0.28887508533266965,0.3431701831309093,0.3500588904947186,0.3733157646167605
2021-09-22,0.3381431205901218,0.3025751550138977,0.3522192150297619,0.3029733841901096,0.32474320785606176,0.3065522421273106,0.2867404775127305,0.3392498774554318,0.3401106989333101,0.3651748888436631
2021-09-23,0.3408558905281162,0.3025751550138977,0.3565271887400793,0.3029733841901096,0.3264425602295648,0.3012655816908705,0.2835488648075427,0.34016774837994096,0.344024748103818,0.3714366767088871
2021-09-24,0.3371337663031858,0.3025751550138977,0.3629577132936508,0.3029733841901096,0.3190365058339938,0.29679869126763125,0.2787572074730806,0.3363999813318186,0.3456124379322762,0.3749128304571993
2021-09-25,0.3203668216805644,0.3025751550138977,0.3636502356150793,0.3029733841901096,0.29509916250973955,0.2696870174357458,0.25874465995947754,0.31720753007677294,0.3166052349385331,0.36044974258503004
2021-09-26,0.303496391917896,0.3025751550138977,0.3484347408234126,0.3029733841901096,0.28323034157810417,0.27380043800624687,0.25643736365140485,0.31745300346815625,0.31643909131836667,0.3568722587842472
2021-09-27,0.3464094772289929,0.3025751550138977,0.3220688244047618,0.3029733841901096,0.3161887173787893,0.31141359878231356,0.2843662996185632,0.33592490825128907,0.34835204136456743,0.3600114874017067
2021-09-28,0.3432568687192644,0.3025751550138977,0.3596430431547618,0.3029733841901096,0.3239900103729439,0.31404984483134674,0.2838340967858438,0.3461972177620988,0.358834520048896,0.3803349805779914
2021-09-29,0.3441411161000641,0.3025751550138977,0.3595070374503968,0.3029733841901096,0.32378120848702807,0.31192437751856505,0.28299581950819114,0.34172121144591827,0.3498283537825758,0.3740294525087179
2021-09-30,0.3436482788112037,0.3025751550138977,0.3548117559523809,0.3029733841901096,0.3254793288048874,0.3066377170821249,0.282670952677867,0.344768579718259,0.3539751284734667,0.37132300486317166
2021-10-01,0.3376225678853966,0.3025751550138977,0.3725090835813492,0.3029733841901096,0.3180786511409613,0.3043534472867826,0.27443712407028975,0.33946900524674767,0.347080266297106,0.38516936327489326
2021-10-02,0.3174690239469745,0.3025751550138977,0.3731101810515873,0.3029733841901096,0.29415869151617036,0.27724177345489714,0.26625049502078885,0.32135031212962395,0.3191082267473159,0.37060083569148083
2021-10-03,0.3325949059225999,0.3025751550138977,0.3637413504464285,0.3029733841901096,0.28229848879853137,0.28135519402539827,0.26691996086302866,0.32759528227351387,0.319870111187242,0.37495164210417875
2021-10-04,0.3450843355783621,0.3025751550138977,0.3541282552083333,0.3029733841901096,0.3152329314380292,0.3189150495629769,0.27876855971694187,0.3602591146084868,0.36991980717605166,0.3962257106859931
2021-10-05,0.3555735380585845,0.3025751550138977,0.3828426339285714,0.3029733841901096,0.32302855898728117,0.32155129561201,0.2744880373148656,0.35471780757383436,0.36286453247366657,0.4034923415059152
2021-10-06,0.3456416639940132,0.3025751550138977,0.3842889384920634,0.3029733841901096,0.32281990895555235,0.31942582829922833,0.2725319947238523,0.3522857413842756,0.3589119031366781,0.39866173402265415
2021-10-07,0.3516161000641437,0.3025751550138977,0.3817789248511904,0.3029733841901096,0.3245167959788911,0.3141391678627882,0.2827761915849049,0.34629546232310776,0.35644762950551484,0.39569112472248485
2021-10-08,0.3463760289715629,0.3025751550138977,0.3721386098710317,0.3029733841901096,0.31712149262805556,0.309672277439549,0.27938045328176636,0.3461863076183708,0.3530870146875321,0.38304199139818795
2021-10-09,0.3179892158434894,0.3025751550138977,0.3668101438492063,0.3029733841901096,0.2932189030545526,0.28256060360766355,0.26565916437826737,0.3283634764858668,0.32609134341521784,0.36310554638191983
2021-10-10,0.2952867757109257,0.3025751550138977,0.3365992683531746,0.3029733841901096,0.28136731299706075,0.2866740241781647,0.268099331839804,0.3291594763108633,0.32346545147649974,0.34694823010747794
2021-10-11,0.3148336807782766,0.3025751550138977,0.3258866877480158,0.3029733841901096,0.31427783936121095,0.29310552420612096,0.2890061916563417,0.31668498600691125,0.33335403191083707,0.3750269151508535
2021-10-12,0.3185419873850759,0.3025751550138977,0.341790054563492,0.3029733841901096,0.3220678059301192,0.286378299353791,0.27969675284246887,0.3017588343529054,0.31877785955668925,0.36345852137269125
2021-10-13,0.3490589720974983,0.3025751550138977,0.3978465091765872,0.3029733841901096,0.3218593073970649,0.3246137926929169,0.28611668327110723,0.32014570732565595,0.33759539023568036,0.4134080430067394
2021-10-14,0.3633388790891597,0.3025751550138977,0.41639310515873,0.3029733841901096,0.32355496219257435,0.31932713225647674,0.2865218950255583,0.34005572207501283,0.348062871709567,0.4314092489064994
2021-10-15,0.3473936684840709,0.3025751550138977,0.4326148313492063,0.3029733841901096,0.31616502913297906,0.3148602418332375,0.27662063655423597,0.3522069927125915,0.35097073735407125,0.44419667387147005
2021-10-16,0.3188496498824032,0.3025751550138977,0.4114076760912698,0.3029733841901096,0.2922797970792214,0.28774856800135207,0.24939373880161894,0.3292460165587828,0.3231937680749399,0.40874805337584896
2021-10-17,0.3129627966645285,0.3025751550138977,0.3633461371527777,0.3029733841901096,0.2804368133710643,0.2918619885718532,0.2548749302786116,0.329895109579396,0.32303769926792303,0.37471760193864273
2021-10-18,0.3383693607013042,0.3025751550138977,0.3457936817956349,0.3029733841901096,0.3133234408669201,0.32908446038813777,0.2828894683071488,0.34904750612789665,0.3604330861236094,0.38730716895937023
2021-10-19,0.3402828201838785,0.3025751550138977,0.3925198102678571,0.3029733841901096,0.3211077505382591,0.33172070643717094,0.29478953848349987,0.34643426763150487,0.36124033022456525,0.412325551009959
2021-10-20,0.3414223326918964,0.3025751550138977,0.394959976438492,0.3029733841901096,0.3208994034135286,0.32959523912438926,0.2929754797535759,0.33863563103680105,0.3512660811916075,0.4073027124646718
2021-10-21,0.3498301261492409,0.3025751550138977,0.3644813678075396,0.3029733841901096,0.3225938268623047,0.3243085786879491,0.29641773933828647,0.33914485824236984,0.3476408288038999,0.3766383386940031
2021-10-22,0.3496804308317297,0.3025751550138977,0.3730201202876984,0.3029733841901096,0.3152092602037204,0.3198416882647099,0.2878132206768404,0.34406693108740183,0.3481108221060137,0.3815142275308251
2021-10-23,0.3221625775069489,0.3025751550138977,0.3681683407738095,0.3029733841901096,0.2913413730584832,0.2927300144328244,0.2652784194870284,0.32829684858193725,0.3248666180399272,0.36293945107197495
2021-10-24,0.3118629730596535,0.3025751550138977,0.3334723152281745,0.3029733841901096,0.27950698945445707,0.29684343500332555,0.26957939868643443,0.3307323577862278,0.3232877512393751,0.3427090954936442
2021-10-25,0.3531183851828094,0.3025751550138977,0.3504482189360119,0.3029733841901096,0.3123697354336543,0.33378674815118253,0.29733672764783015,0.3489049624125053,0.35952412539193623,0.389852959676241
2021-10-26,0.3559575449005772,0.3025751550138977,0.411053726438492,0.3029733841901096,0.3201483923175866,0.3364229942002157,0.3044136217823551,0.3553227418724523,0.37021000828272277,0.4287923420005828
2021-10-27,0.3594648278811204,0.3025751550138977,0.409611824156746,0.3029733841901096,0.31994019648965405,0.334297526887434,0.29857635668486343,0.3505630669768483,0.36227044536632724,0.4193576242467301
2021-10-28,0.3501931793884968,0.3025751550138977,0.3940254216269841,0.3029733841901096,0.3216333894869727,0.32901086645099387,0.2977847946258291,0.35316199589724534,0.3631656679365462,0.4034796653716865
2021-10-29,0.3425887855462903,0.3025751550138977,0.3903567243303571,0.3029733841901096,0.314254185331676,0.3245439760277547,0.2959825391964045,0.34796365380684063,0.3520185905590715,0.39580054861146574
2021-10-30,0.31888565052384,0.3025751550138977,0.3817074497767856,0.3029733841901096,0.29040363050001194,0.29743230219586925,0.27485817343586355,0.3243233045042647,0.3253947261378153,0.3737690194951756
2021-10-31,0.3087688154800085,0.3025751550138977,0.343791279141865,0.3029733841901096,0.2785778407545546,0.3015457227663703,0.2847857451983207,0.3274800550786594,0.32334708150167213,0.3510517314389902
2021-11-01,0.3254084348941629,0.3025751550138977,0.3340208798363094,0.3029733841901096,0.31141672255955916,0.3002178873179848,0.3078890620920471,0.32279844122029244,0.33296689371710575,0.35356672945751577
2021-11-02,0.3679558210391276,0.3025751550138977,0.3718477492559523,0.3029733841901096,0.3191897307608292,0.3432150940189255,0.3124723825410066,0.34903288663215104,0.3517309850303134,0.3766380706099929
2021-11-03,0.3988203709642933,0.3025751550138977,0.4030359312996032,0.3029733841901096,0.31898168611995253,0.34108962670614384,0.3012148806634212,0.3604408244323876,0.36024386074575127,0.40029556897452373
2021-11-04,0.4121695531323497,0.3025751550138977,0.4105396360367063,0.3029733841901096,0.32067364955925115,0.33580296626970374,0.29551136548661366,0.3810858574532717,0.37796179857009216,0.4083879171043846
2021-11-05,0.4238851026298909,0.3025751550138977,0.4043106398809524,0.3029733841901096,0.3132998040131762,0.3313360758464645,0.28731689498710444,0.39622472059125224,0.3888795934419157,0.39948243351994356
2021-11-06,0.3976635663887107,0.3025751550138977,0.3756338820684523,0.3029733841901096,0.2894665689087135,0.304224402014579,0.2696721575377313,0.39168052224489985,0.3805647080222887,0.35767709657807906
2021-11-07,0.3934180029933718,0.3025751550138977,0.3518446955605158,0.3029733841901096,0.2776493667811906,0.30833782258508013,0.2848909260477078,0.4010067339213956,0.3854348547815706,0.35420933274106603
2021-11-08,0.4212997380799658,0.3025751550138977,0.3321448567708333,0.3029733841901096,0.3104644017415994,0.34452217922962586,0.32890529022629145,0.4317824140719894,0.4311888596392218,0.36657110465471554
2021-11-09,0.434366955313235,0.3025751550138977,0.3693399522569444,0.3029733841901096,0.3182317653621654,0.34715842527865903,0.340332584376679,0.42934433350226636,0.4359297601774208,0.3812186316452326
2021-11-10,0.4221244654693179,0.3025751550138977,0.3927859623015872,0.3029733841901096,0.3180238717985461,0.3450329579658773,0.3333885918460126,0.4225941844795527,0.4263468962072799,0.3960294025392218
2021-11-11,0.4220410252298481,0.3025751550138977,0.379024181547619,0.3029733841901096,0.31971460657270867,0.3397462975294372,0.3360644725661646,0.4091194063886068,0.407096966944698,0.38157476644860283
2021-11-12,0.4103942163780201,0.3025751550138977,0.3780132688492063,0.3029733841901096,0.31234611574455107,0.33527940710619797,0.32482026555669297,0.4081220749454858,0.40433593062463924,0.376572994476557
2021-11-13,0.3843821092580714,0.3025751550138977,0.3624510633680555,0.3029733841901096,0.28853018779010337,0.3081677332743125,0.3052509948899776,0.385151772144176,0.37900007816028974,0.34734119456084384
2021-11-14,0.374510129356425,0.3025751550138977,0.3355592447916666,0.3029733841901096,0.27672156704438106,0.31228115384481364,0.3083372076354241,0.3905308361892758,0.3803804607304281,0.34098164984863694
2021-11-15,0.4240842954885609,0.3025751550138977,0.3396056082589285,0.3029733841901096,0.30951277247722825,0.34799677994931494,0.3477276144549221,0.4181869512930769,0.41207185689476367,0.37691595843204356
2021-11-16,0.4396998877485568,0.3025751550138977,0.3839471416170634,0.3029733841901096,0.31727449561605475,0.3506330259983481,0.34858451950131786,0.4271894033648833,0.43833448563396227,0.3975808557744197
2021-11-17,0.4408276673081034,0.3025751550138977,0.3935879371279762,0.3029733841901096,0.3170667530199847,0.34850755868556643,0.33870671085685755,0.42478547207770345,0.43311006185952783,0.3980399883232354
2021-11-18,0.4355868345093007,0.3025751550138977,0.3635360553075396,0.3029733841901096,0.31875626002123925,0.34322089824912627,0.33697346538660755,0.42078477612436166,0.4253621455690437,0.3665606877706609
2021-11-19,0.4286560027795595,0.3025751550138977,0.4055808841765873,0.3029733841901096,0.3113931200225257,0.33875400782588705,0.33094199179077893,0.4170287133893288,0.418780389505938,0.4037452545309168
2021-11-20,0.3822481024160786,0.3025751550138977,0.3925347997271825,0.3029733841901096,0.2875944866500366,0.3116423339940016,0.31033298949244226,0.39783738801462787,0.39547784304676026,0.37676788198897354
2021-11-21,0.377901726534103,0.3025751550138977,0.3790857669890873,0.3029733841901096,0.27579444105451184,0.3157557545645027,0.31823419039950446,0.38935194988212946,0.3848252426317138,0.38430433320534485
2021-11-22,0.4416513790891597,0.3025751550138977,0.3791094060019841,0.3029733841901096,0.30856183426425526,0.35095198262634725,0.362221726913813,0.4219588586753703,0.4164140069335679,0.4162231346427372
2021-11-23,0.4640916452854394,0.3025751550138977,0.4519285404265872,0.3029733841901096,0.31631792101733097,0.3535882286753804,0.3649040798517349,0.43808438039505304,0.44369558401850684,0.46515324871730057
2021-11-24,0.4453071146033782,0.3025751550138977,0.4479626736111111,0.3029733841901096,0.31611032927918087,0.35146276136259874,0.3502165337224985,0.4414960835469595,0.44143692761452236,0.4515187224667243
2021-11-25,0.4848073551421851,0.3025751550138977,0.4229545510912698,0.3029733841901096,0.31779860939910803,0.3461761009261586,0.34778926313234704,0.42523541744593624,0.4325706562182233,0.42445279891349874
2021-11-26,0.4650908702159503,0.3025751550138977,0.407932152157738,0.3029733841901096,0.31044081634418885,0.34170921050291936,0.3317388353477598,0.4472846096928417,0.45586892191084283,0.403772849496794
2021-11-27,0.4553434894162925,0.3025751550138977,0.3938526010664682,0.3029733841901096,0.28665946499472833,0.3145975366710339,0.3219703892743641,0.42389456901401146,0.42900659845381367,0.3754981270289083
2021-11-28,0.4337474075261919,0.3025751550138977,0.3635247860863095,0.3029733841901096,0.27486798832232334,0.31871095724153503,0.32605383028334173,0.43980085156496784,0.44222422063151934,0.36658351818337986
2021-11-29,0.4903630532392559,0.3025751550138977,0.3549821118551587,0.3029733841901096,0.3076115866008545,0.35334469375115474,0.37922937074790275,0.466101561693548,0.48113518770614183,0.38998773131490877
2021-11-30,0.4709699861022022,0.3025751550138977,0.4503808903769841,0.3029733841901096,0.3153620410611938,0.3559809398001879,0.37260904945708356,0.4752074301122051,0.5028985661478486,0.4616664384053539
2021-12-01,0.4797302490912978,0.3025751550138977,0.4574739273313492,0.3029733841901096,0.31515460007141416,0.35589479614253355,0.3693950536006601,0.4599187401446891,0.4748618889600288,0.460320326109339
2021-12-02,0.4916262828736368,0.3025751550138977,0.4679761439732142,0.3029733841901096,0.31684165420094695,0.35060813570609345,0.3723391506303036,0.4578301715739498,0.4699568084338345,0.4685907483355949
2021-12-03,0.4672992837288861,0.3025751550138977,0.4559425223214285,0.3029733841901096,0.30948920420699383,0.3461412452828542,0.3646885324975887,0.4618485910630413,0.46609278709060303,0.45141065699449645
2021-12-04,0.4077083333333333,0.3025751550138977,0.4596624348958333,0.3029733841901096,0.2857251223307525,0.3190295714509688,0.3361807302177117,0.42672185068080726,0.4284937878011261,0.4416751342605915
2021-12-05,0.3960422011973487,0.3025751550138977,0.4478209945436507,0.3029733841901096,0.27394220835891114,0.3231429920214699,0.33447250435279513,0.41426286362814024,0.407795651967938,0.4560288474423228
2021-12-06,0.398939330767586,0.3025751550138977,0.4350077194940476,0.3029733841901096,0.30666202898556466,0.31681838521084127,0.3429448102135525,0.39898101126512653,0.42957947542820646,0.4521241858922332
2021-12-07,0.421305243745991,0.3025751550138977,0.4733885323660714,0.3029733841901096,0.31440685524320977,0.359815591911782,0.38457439849794883,0.4241747364687499,0.44657683046191365,0.4777734341325565
2021-12-08,0.41148599529613,0.3025751550138977,0.4399467695932539,0.3029733841901096,0.3141995648923305,0.3173291639470927,0.33955808730189185,0.3836950427804223,0.40956635909424577,0.4260451975974328
2021-12-09,0.5096645018174043,0.3025751550138977,0.520440677703373,0.3029733841901096,0.3158853939217552,0.35240346416256013,0.38544023272856287,0.406402330248203,0.42712740004473554,0.507813523588677
2021-12-10,0.4629062165918324,0.3025751550138977,0.5049071335565476,0.3029733841901096,0.30853828310875936,0.3479365737393209,0.368129592239072,0.4595035251585322,0.4645855117524896,0.48765787519545845
2021-12-11,0.4248321840923669,0.3025751550138977,0.4683320932539682,0.3029733841901096,0.2847914581650408,0.32082489990743546,0.33672441283156973,0.41912352878004555,0.4217332370967757,0.43807780641196714
2021-12-12,0.3826689116955313,0.3025751550138977,0.4164412202380952,0.3029733841901096,0.27301710067572604,0.3249383204779366,0.33719541335042075,0.4204428862142496,0.42480916156865645,0.4131769591025542
2021-12-13,0.4467006628180457,0.3025751550138977,0.3761868799603174,0.3029733841901096,0.3057131609172887,0.3583511117192519,0.3827075992086868,0.43999183961140875,0.4501098962512416,0.40795646384838224
2021-12-14,0.4655771060508873,0.3025751550138977,0.4400087270585318,0.3029733841901096,0.31345236305931146,0.36098735776828506,0.3767919942369723,0.45111175058572595,0.47760802976206385,0.45058046861295115
2021-12-15,0.4795265929014325,0.3025751550138977,0.4430925099206348,0.3029733841901096,0.31324522323794207,0.3588618904555033,0.3996591186721553,0.44951872432655837,0.46706002726291806,0.4433532119928285
2021-12-16,0.4914518922386144,0.3025751550138977,0.4480940600198412,0.3029733841901096,0.3149298280568984,0.3535752300190632,0.3953695902847932,0.45297584040695177,0.4775433340140808,0.444706289294134
2021-12-17,0.4782534209963652,0.3025751550138977,0.4441851903521825,0.3029733841901096,0.3075880525476689,0.349108339595824,0.37311624098794777,0.4560639389140444,0.45550916319009777,0.43453557510375374
2021-12-18,0.4119891757536882,0.3025751550138977,0.4339219835069444,0.3029733841901096,0.2838584720048835,0.32199666576393854,0.33410583148650597,0.42836661416837685,0.423456507131224,0.4096099114069498
2021-12-19,0.39701713170836,0.3025751550138977,0.3951927238343254,0.3029733841901096,0.27209266478457356,0.32611008633443966,0.3291101915254281,0.4121502762767126,0.41394580603806236,0.39690168233426093
2021-12-20,0.4743554361770365,0.3025751550138977,0.362525158110119,0.3029733841901096,0.3047649818952933,0.35888222799101654,0.3802137020472172,0.45005976673154696,0.4622993112306512,0.3985086977913021
2021-12-21,0.4516699273038272,0.3025751550138977,0.4231995287698413,0.3029733841901096,0.31249856400579784,0.3615184740400497,0.38061159468907113,0.468785641065482,0.4968646804092416,0.4375376142740853
2021-12-22,0.4390871819542441,0.3025751550138977,0.4088498418898809,0.3029733841901096,0.31229157460462736,0.35939300672726804,0.3798720395117516,0.44173452805524427,0.4641490091534485,0.41262157540523925
2021-12-23,0.4173469638657259,0.3025751550138977,0.4163820219494047,0.3029733841901096,0.3139749561021088,0.35410634629082793,0.36929352286575434,0.42639912737028474,0.4563126495140749,0.4154721672709571
2021-12-24,0.3828257697241822,0.3025751550138977,0.4064992559523809,0.3029733841901096,0.3066385120222701,0.3496394558675887,0.3521251782267571,0.4052451092686372,0.42433491655496114,0.3985021362627292
2021-12-25,0.3306134006841992,0.3025751550138977,0.3663726593501983,0.3029733841901096,0.2829261633579286,0.2821668213837957,0.3190046980234549,0.35519380557112024,0.3486088631455764,0.3415164215326304
2021-12-26,0.3409558210391276,0.3025751550138977,0.386739769345238,0.3029733841901096,0.2711689001976136,0.32664120260620433,0.31837722479788855,0.3477434025564281,0.35157981682935635,0.3879094810669226
2021-12-27,0.383939063502245,0.3025751550138977,0.3963092447916666,0.3029733841901096,0.30381749141920883,0.3587649498068309,0.3478247354005951,0.3981498064934357,0.4074114773818238,0.431068451883468
2021-12-28,0.3754024748770579,0.3025751550138977,0.4856614428323412,0.3029733841901096,0.31154545757933355,0.36140119585586405,0.3567801794812679,0.39707066592109136,0.4147302807223253,0.4987316681462198
2021-12-29,0.3569529345734444,0.3025751550138977,0.4894958922371031,0.3029733841901096,0.31133861848913,0.3592757285430823,0.36689766455064526,0.37656283049989697,0.3893243670243068,0.492249007036158
2021-12-30,0.3596263897797733,0.3025751550138977,0.4992869698660714,0.3029733841901096,0.3130207775534848,0.3539890681066422,0.35390229824049013,0.35830478002982,0.383732988579913,0.49678631991262195
2021-12-31,0.3450792709001496,0.3025751550138977,0.4563876333085317,0.3029733841901096,0.30568966103147477,0.349522177683403,0.3344580710717634,0.3515721075755548,0.36745323335923785,0.44616026107057755
2022-01-01,0.307905869146889,0.3025751550138977,0.4009605189732143,0.3029733841901096,0.2819945317321812,0.28314421471506,0.33214940268801824,0.312012497832457,0.31484440408303455,0.37716501068236813
2022-01-02,0.3146003314090229,0.3025751550138977,0.431074001736111,0.3029733841901096,0.2702458064273604,0.32761859593746867,0.3390294175128546,0.3272464579089773,0.3319492431603219,0.4366908275117982
2022-01-03,0.3557380265127218,0.3025751550138977,0.4421048177083332,0.3029733841901096,0.30287068898902886,0.35909565886215766,0.4489668844816558,0.375697205265881,0.38554137032592944,0.4827890876947657
2022-01-04,0.3718786615351721,0.3025751550138977,0.5312074032738094,0.3029733841901096,0.3105930432769484,0.3617319049111909,0.4324255139956907,0.3761618233973166,0.3872980148435439,0.5573805838782727
2022-01-05,0.3892078522557194,0.3025751550138977,0.5356736266121032,0.3029733841901096,0.31038635438855966,0.35960643759840916,0.40106819551438283,0.37330358849540796,0.39210347553983493,0.5494310392053675
2022-01-06,0.3764248449861022,0.3025751550138977,0.4583847966269841,0.3029733841901096,0.3120672919074906,0.31395881651006147,0.3603061678891884,0.3496710210840752,0.366068918682261,0.4562972369166905
2022-01-07,0.4342467126363052,0.3025751550138977,0.5896692708333333,0.3029733841901096,0.3047414990745588,0.3188553969881853,0.40037461906001,0.3676453061248066,0.3614407998783827,0.5871063084976105
2022-01-08,0.3961220600812486,0.3025751550138977,0.5817368551587302,0.3029733841901096,0.2810635766360043,0.3227412129068444,0.3828667134861262,0.3800014095051946,0.36429571282796225,0.5660397154746211
2022-01-09,0.4125688208253154,0.3025751550138977,0.5126447792658729,0.3029733841901096,0.26932338298668224,0.3268546334773455,0.3878003384272835,0.3955742571442409,0.37503787036600256,0.5236558995262448
2022-01-10,0.4616535172118879,0.3025751550138977,0.4930220734126984,0.3029733841901096,0.3019245741051104,0.3576961524190593,0.465518544898039,0.45587260220788384,0.45749805382098063,0.5379742643242331
2022-01-11,0.4536791479580927,0.3025751550138977,0.589008060515873,0.3029733841901096,0.30964132059603794,0.3603323984680924,0.45979022225091964,0.46300211237558175,0.4762026599120158,0.6184703647205599
2022-01-12,0.4774070451143895,0.3025751550138977,0.5934495597718253,0.3029733841901096,0.30943478180039075,0.3582069311553107,0.434341380900192,0.44244494160405423,0.4527141131773869,0.6102146048295696
2022-01-13,0.4872344986102202,0.3025751550138977,0.5653489583333333,0.3029733841901096,0.3111144986609563,0.3529202707188706,0.43156387593424617,0.45179080412975015,0.45270516424458207,0.5761690553083341
2022-01-14,0.4766710230917254,0.3025751550138977,0.5365851934523809,0.3029733841901096,0.3037940256511614,0.3484533802956314,0.4047330562286526,0.4527036533857969,0.4555419759437155,0.5392576885722482
2022-01-15,0.4400596268975839,0.3025751550138977,0.4959912884424602,0.3029733841901096,0.2801332975781174,0.32134170646374594,0.3605410384625537,0.4192941589728546,0.41593213983100097,0.4843230285644601
2022-01-16,0.4213147049390635,0.3025751550138977,0.4306836247519841,0.3029733841901096,0.26840162938880113,0.32545512703424706,0.36967684710444026,0.43101958534532253,0.4371070097208831,0.4446223543174916
2022-01-17,0.5187654212101774,0.3025751550138977,0.4405048053075396,0.3029733841901096,0.30097914626817296,0.35568150994833997,0.4187419599433536,0.4691798008785678,0.4786185618495711,0.4873363102813321
2022-01-18,0.5396087769937994,0.3025751550138977,0.5112245473710317,0.3029733841901096,0.30869028903436235,0.35831775599737314,0.40490050714123466,0.49905645225700296,0.5058762363737282,0.5415624478352064
2022-01-19,0.5119580660679923,0.3025751550138977,0.492027591765873,0.3029733841901096,0.30848390022246286,0.35619228868459146,0.38585196749923917,0.49804595890946457,0.5107888905638331,0.5096832977822814
2022-01-20,0.4384934519991447,0.3025751550138977,0.4257088293650793,0.3029733841901096,0.31016239731107714,0.3509056282481513,0.38347260089969226,0.4781450432102917,0.485171137031139,0.4370112016695376
2022-01-21,0.4744735140047039,0.3025751550138977,0.4512810019841269,0.3029733841901096,0.30284724026128534,0.3464387378249121,0.38085055663382944,0.4250119265656284,0.43867514555006326,0.4539123851174996
2022-01-22,0.43396111289288,0.3025751550138977,0.4568967013888889,0.3029733841901096,0.27920369406759704,0.3193270639930266,0.3436130235944747,0.41775511686028244,0.4257198123314708,0.4437400631942915
2022-01-23,0.4221412497327346,0.3025751550138977,0.4113517485119047,0.3029733841901096,0.26748054514729264,0.32344048456352775,0.34935717288448953,0.42678382494597844,0.4188039821469689,0.42307283389113753
2022-01-24,0.5186322428907418,0.3025751550138977,0.4008404017857142,0.3029733841901096,0.30003440497929884,0.3530811094738027,0.4071758667242202,0.46868319321785257,0.4536592909374407,0.4446888278214772
2022-01-25,0.505536588625187,0.3025751550138977,0.4923937872023809,0.3029733841901096,0.30773994809004673,0.3557173555228359,0.4081050129714406,0.4984306855401348,0.481342601499376,0.5192281659741403
2022-01-26,0.5090621124652555,0.3025751550138977,0.4922807229662698,0.3029733841901096,0.3075337091529801,0.35359188821005416,0.4092536855112903,0.477437457679208,0.4675870070592133,0.5067885082971229
2022-01-27,0.5099163994013256,0.3025751550138977,0.4816654575892856,0.3029733841901096,0.3092109873554137,0.34830522777361406,0.38658543501341236,0.4729844919595023,0.4741228659442215,0.48979867256476756
2022-01-28,0.4825598407098567,0.3025751550138977,0.4323346974206349,0.3029733841901096,0.3019011424052964,0.34383833735037483,0.3768941699891742,0.4679143985359825,0.4805784362437837,0.4315826278344933
2022-01-29,0.4467462850117596,0.3025751550138977,0.4214893043154762,0.3029733841901096,0.2782747656138761,0.3167266635184894,0.33022349008535473,0.4252225945162462,0.43767400790500266,0.40444265953528685
2022-01-30,0.4317311845199914,0.3025751550138977,0.3879571552579365,0.3029733841901096,0.26656012977608523,0.3208400840889905,0.3641213532535518,0.4346575686552942,0.4353333389869582,0.394875218590101
2022-01-31,0.5315537470600812,0.3025751550138977,0.3823874007936508,0.3029733841901096,0.29909034973993237,0.34993287068995815,0.41287406250710434,0.4763503366732801,0.4861739792348291,0.4207866910043032
2022-02-01,0.5012797199059226,0.3025751550138977,0.4414848400297618,0.3029733841901096,0.30679029726158047,0.3524258197662218,0.4177742213134096,0.5083038765218457,0.5353772650141734,0.4719885202051466
2022-02-02,0.4810581302116741,0.3025751550138977,0.4179242311507936,0.3029733841901096,0.3065842080905112,0.3503003524534401,0.4009668619797423,0.47869418226877036,0.49406810016776115,0.434295651872316
2022-02-03,0.4825473059653624,0.3025751550138977,0.4022565724206349,0.3029733841901096,0.3082602682918911,0.345013692017,0.41916188984299246,0.45693328318507015,0.4570397018795069,0.4140205230982497
2022-02-04,0.4803527367970922,0.3025751550138977,0.4116719990079365,0.3029733841901096,0.3009557315839233,0.3405468015937608,0.3815817685114642,0.44834827364762964,0.4611335868279224,0.41517591614626764
2022-02-05,0.4096975358135556,0.3025751550138977,0.4061692708333333,0.3029733841901096,0.2773465117267439,0.3134351277618753,0.36509189843641093,0.42329617208513737,0.4357043807236315,0.4014392848431504
2022-02-06,0.4021624438742783,0.3025751550138977,0.3941404389880952,0.3029733841901096,0.26564038278946084,0.31754854833237645,0.359197908067327,0.4062407845780897,0.4120569807467245,0.4120135162983741
2022-02-07,0.4924221456061577,0.3025751550138977,0.3777161458333333,0.3029733841901096,0.29814698005188034,0.34613940503472157,0.3546121493323649,0.44828733567662526,0.4824222456913154,0.42982719778606326
2022-02-08,0.4700597605302544,0.3025751550138977,0.4523557787698412,0.3029733841901096,0.3058413360478174,0.34877565108375475,0.34558811909097326,0.48268374048106716,0.5064717665449073,0.49325133044622327
2022-02-09,0.433265822108189,0.3025751550138977,0.456625744047619,0.3029733841901096,0.3056353965339886,0.346650183770973,0.3330667899296493,0.4545008392808151,0.46909197736918007,0.4831723129588135
2022-02-10,0.4333686658114175,0.3025751550138977,0.4667983940972222,0.3029733841901096,0.30731023961879955,0.3413635233345329,0.33800841929626296,0.42242522979039643,0.4378290162053721,0.48753475949497227
2022-02-11,0.4314633846482787,0.3025751550138977,0.4462712053571429,0.3029733841901096,0.30001100729825714,0.3368966329112937,0.3179177325548286,0.4111488771368622,0.42085709396121634,0.45769111578831045
2022-02-12,0.3914080874492195,0.3025751550138977,0.440099392361111,0.3029733841901096,0.27641893191634553,0.30978495907940823,0.2887571490581755,0.3873495196321328,0.38834093354501154,0.4412533582859435
2022-02-13,0.3636922974128714,0.3025751550138977,0.3811435391865079,0.3029733841901096,0.2647213037020539,0.31389837964990935,0.28753200066943607,0.3869506529128315,0.3996331308458063,0.40352177242378756
2022-02-14,0.4523816014539233,0.3025751550138977,0.3593855406746031,0.3029733841901096,0.2972042954173108,0.34204053413248636,0.3171071574903323,0.4155030365660106,0.4500445031838192,0.41493077481737106
2022-02-15,0.4459916345948257,0.3025751550138977,0.412288101438492,0.3029733841901096,0.3048930639479749,0.34467678018151954,0.31894711017536426,0.4506246729573484,0.462035976292379,0.45494035169547786
2022-02-16,0.4326753795167842,0.3025751550138977,0.4229159226190476,0.3029733841901096,0.3046872739827091,0.34255131286873786,0.31193747728598165,0.43279075735125655,0.42828225788620133,0.4516992162964685
2022-02-17,0.4075632349796878,0.3025751550138977,0.4101256200396824,0.3029733841901096,0.3063609008347933,0.3372646524322977,0.29870112643200597,0.41759607960315237,0.42807406929359015,0.43286744129519616
2022-02-18,0.4045653196493478,0.3025751550138977,0.4096367497519841,0.3029733841901096,0.2990669690497513,0.33279776200905853,0.27380117194604814,0.3898933506318299,0.406231341710682,0.42280963375912306
2022-02-19,0.3883150523840068,0.3025751550138977,0.3780042162698412,0.3029733841901096,0.27549202569318193,0.305686088177173,0.2528855898584466,0.3667966780521245,0.36864154316380743,0.3798149138469247
2022-02-20,0.3769146354500748,0.3025751550138977,0.3357095734126983,0.3029733841901096,0.2638028920288511,0.30979950874767415,0.259339799877817,0.3800843711484914,0.3864264042843403,0.35758496324472555
2022-02-21,0.4484960979260209,0.3025751550138977,0.337606708829365,0.3029733841901096,0.29626229533875376,0.33755273177809114,0.3082390548128299,0.4205726941648808,0.4539023842419877,0.3918763123612441
2022-02-22,0.4268628928800513,0.3025751550138977,0.4236381758432539,0.3029733841901096,0.30394548046163433,0.3401889778271243,0.3062089556305363,0.4471660266481854,0.45505792003290835,0.4636528507394057
2022-02-23,0.4314427250374171,0.3025751550138977,0.4007849392361111,0.3029733841901096,0.3037398399363327,0.3380635105143426,0.2951997187297222,0.41872187278298684,0.41263192062445864,0.42775372068582657
2022-02-24,0.4478400416933931,0.3025751550138977,0.3755929749503968,0.3029733841901096,0.30541225143889034,0.3327768500779025,0.2917100628004326,0.4151972716768531,0.41094343908203945,0.3967204300344121
2022-02-25,0.4191751389779773,0.3025751550138977,0.3849494977678571,0.3029733841901096,0.29812361634022144,0.32830995965466325,0.2909159482551566,0.414620288265762,0.417480130876378,0.39662693382562814
2022-02-26,0.3705159290143254,0.3025751550138977,0.3885567646329365,0.3029733841901096,0.2745657925681095,0.3011982858227778,0.261730043015367,0.3796411859048233,0.37469500227167696,0.38790850292456946
2022-02-27,0.3515617917468462,0.3025751550138977,0.362627201140873,0.3029733841901096,0.2628851472851916,0.3053117063932789,0.2678332402673556,0.3696306036235784,0.36768064666139194,0.3810435939153853
2022-02-28,0.4092399240966431,0.3025751550138977,0.3595145089285714,0.3029733841901096,0.29532097931910034,0.3327414402355137,0.30239648016150533,0.4027137137989416,0.4264888103981774,0.40970754686702376
2022-03-01,0.4092257857601026,0.3025751550138977,0.4167077442956349,0.3029733841901096,0.3029985850887403,0.33403481713168925,0.33323207138138916,0.4121414435638143,0.4172569596008132,0.4579818609790832
2022-03-02,0.4136037256788539,0.3025751550138977,0.3965701884920635,0.3029733841901096,0.30279309389488296,0.3319093498189075,0.2863304763047786,0.39922731998708827,0.3944756013125873,0.4221728562654576
2022-03-03,0.4294258605943981,0.3025751550138977,0.3815653521825396,0.3029733841901096,0.3044642909304733,0.3266226893824674,0.2956519628579603,0.39706845774286675,0.3922527696947988,0.4030007511262096
2022-03-04,0.4246666933932007,0.3025751550138977,0.3838977554563492,0.3029733841901096,0.2971809486718448,0.3221557989592282,0.2836167393701847,0.39617573390063876,0.3876176389565582,0.39719219884099355
2022-03-05,0.395813822963438,0.3025751550138977,0.400395275297619,0.3029733841901096,0.27364023205233967,0.29504412512734274,0.2514917490509653,0.3853720476070691,0.36551378461360245,0.4077527817759891
2022-03-06,0.3754412818045756,0.3025751550138977,0.3812373727972201,0.3029733841901096,0.2619680689867664,0.29915754569784386,0.2622678532625551,0.38324640488613826,0.38228490791420555,0.4094289402702422
2022-03-07,0.43392326812059,0.3025751550138977,0.3788928394142467,0.3029733841901096,0.29438034686160247,0.32633394981667224,0.3313714555710343,0.40771290339446986,0.4428487476693842,0.4410655531108551
2022-03-08,0.4213444248449861,0.3025751550138977,0.4280745842640853,0.3029733841901096,0.30205237732960055,0.3289701958657054,0.33997671428285303,0.4298464034985897,0.44351623733270606,0.47776763385850035
2022-03-09,0.4155672439598032,0.3025751550138977,0.4535380367336808,0.3029733841901096,0.3018470353587464,0.32684472855292374,0.31032756587711263,0.4096084984953646,0.41267637473871643,0.4876723595308329
2022-03-10,0.3976337930297199,0.3025751550138977,0.4370491182314953,0.3029733841901096,0.3035170188092874,0.3215580681164836,0.3313464958258889,0.40039527193802604,0.4069147825561787,0.46640537167959734
2022-03-11,0.3766750053453068,0.3025751550138977,0.426722305017387,0.3029733841901096,0.2962389655471601,0.31709117769324435,0.3026780732629683,0.37645785486929995,0.37698865055252717,0.4473379738210208
2022-03-12,0.3540468783408167,0.3025751550138977,0.4076849230004967,0.3029733841901096,0.272715343657439,0.2899795038613589,0.2760258857326931,0.3525672792654122,0.33818717715736907,0.4205566240045388
2022-03-13,0.3386596108616634,0.3025751550138977,0.3546872669649515,0.3029733841901096,0.26105165664961827,0.29409292443186,0.28403114621784303,0.3509139494022302,0.346487375286305,0.3867184066804511
2022-03-14,0.4028922252512293,0.3025751550138977,0.367832463335819,0.3029733841901096,0.29344039746987305,0.32108985240987403,0.3235793775654647,0.37498357629965634,0.3986250200063523,0.43277532747403846
2022-03-15,0.3713468569595894,0.3025751550138977,0.4378008016405667,0.3029733841901096,0.3011068566848857,0.3237260984589072,0.3167943472402953,0.40036871568937793,0.4118795904293507,0.488552672614208
2022-03-16,0.3738687192644857,0.3025751550138977,0.422741610738255,0.3029733841901096,0.30090166382867245,0.32160063114612547,0.3077316646651087,0.3690928444309501,0.37410014036496064,0.458632925677164
2022-03-17,0.409921170087663,0.3025751550138977,0.418155565920398,0.3029733841901096,0.3025704345754418,0.31631397070968537,0.3164637513226729,0.3646403242208862,0.37131980185542135,0.4494766921868468
2022-03-18,0.3942817110327132,0.3025751550138977,0.4191465174129353,0.3029733841901096,0.2952976664690675,0.31184708028644614,0.29517184973283284,0.3780259810134879,0.3850393003296061,0.44193207928026945
2022-03-19,0.3418594451571519,0.3025751550138977,0.3983233208955223,0.3029733841901096,0.27179112689532886,0.2847354064545607,0.2695734785542666,0.36336381319223254,0.35127681216297957,0.41230313649242256
2022-03-20,0.3261397797733589,0.3025751550138977,0.3762499689054726,0.3029733841901096,0.26013590979014134,0.2888488270250618,0.26590117306341754,0.34322768777217416,0.3379433574784061,0.4079840748541742
2022-03-21,0.3661594505024588,0.3025751550138977,0.3604310634328358,0.3029733841901096,0.29250113064788535,0.3157427496111314,0.3144957296392676,0.36503883259547565,0.38389568676409963,0.42427417589104804
2022-03-22,0.3748975037417147,0.3025751550138977,0.4296697139303482,0.3029733841901096,0.30016202265562897,0.3183789956601646,0.31639527276299934,0.3730672456304335,0.3748078033759821,0.4778389090588098
2022-03-23,0.3549146621766089,0.3025751550138977,0.4209382151741293,0.3029733841901096,0.299956978805773,0.31625352834738285,0.30748551909949745,0.3667329798583394,0.3712198430507907,0.45526312717994744
2022-03-24,0.3632514966859098,0.3025751550138977,0.4247266480099502,0.3029733841901096,0.30162453772940845,0.31096686791094275,0.3020376158405912,0.3498412493497075,0.3567486003235269,0.45498897437725716
2022-03-25,0.3479137534744494,0.3025751550138977,0.4200208333333333,0.3029733841901096,0.294357050940828,0.3064999774877035,0.2850725477073636,0.34545121670940204,0.3437056082404143,0.44229406296814133
2022-03-26,0.326195290784691,0.3025751550138977,0.4097215485074626,0.3029733841901096,0.2708675812782847,0.27938830365581807,0.26096008540819826,0.3273284219980761,0.31577895498538255,0.422928329877756
2022-03-27,0.3153436765020311,0.3025751550138977,0.3548040422885572,0.3029733841901096,0.2592208279250809,0.2835017242263192,0.2525172361893489,0.3259464801441915,0.3200181947181792,0.3842987098203728
2022-03-28,0.3440364015394483,0.3025751550138977,0.3135176927860696,0.3029733841901096,0.29156254589997277,0.31037061421987694,0.2825864850105142,0.35100915771818036,0.3735140724311737,0.3744386259254761
2022-03-29,0.3540555377378661,0.3025751550138977,0.3544420708955224,0.3029733841901096,0.29921787474322603,0.3130068602689101,0.28727952569708953,0.3526476647007803,0.36293567842646346,0.39956404039397564
2022-03-30,0.365570050245884,0.3025751550138977,0.3501306281094527,0.3029733841901096,0.29901297979152225,0.31088139295612843,0.2738327294801753,0.3477413251255984,0.35387919378310057,0.38215691332588303
2022-03-31,0.3890541479580927,0.3025751550138977,0.3441381840796019,0.3029733841901096,0.3006793277720221,0.3055947325196883,0.24612765555193822,0.35350168731412507,0.3622027279007738,0.37267614297330703
2022-04-01,0.4080088865725892,0.3025751550138977,0.298548973880597,0.3029733841901096,0.29341711846606316,0.2989452214685522,0.24831741719952555,0.3629274655530668,0.3628321555446984,0.32044492731340146
2022-04-02,0.3856115565533461,0.3025751550138977,0.3006564987562188,0.3029733841901096,0.26994470631893636,0.27183354763666673,0.22289098266736312,0.37449454230285173,0.3506936884668254,0.3161099501718053
2022-04-03,0.3716758338678639,0.3025751550138977,0.3127734763681591,0.3029733841901096,0.2583064105715333,0.27594696820716785,0.21755772222336967,0.3730793131307309,0.35669948288551856,0.34422056184939664
2022-04-04,0.4297467660893735,0.3025751550138977,0.3092265858208955,0.3029733841901096,0.2906246427308288,0.30286916343921366,0.24134023524947204,0.38660188665824813,0.4105122825986999,0.37069661435723994
2022-04-05,0.4260954671798161,0.3025751550138977,0.3165843905472636,0.3029733841901096,0.29827441244943437,0.30550540948824684,0.25908768931139287,0.4122556393069981,0.4362618101354445,0.36359581986782885
2022-04-06,0.4231761278597391,0.3025751550138977,0.3880791666666666,0.3029733841901096,0.2980696662877564,0.30337994217546516,0.2711255019623732,0.4073495418566215,0.4177993288497349,0.42132647295947045
2022-04-07,0.3927662230062005,0.3025751550138977,0.3760281405472637,0.3029733841901096,0.29973480420447984,0.298093281739025,0.26537639905418375,0.40290500208014113,0.4144004195725418,0.40538059918045904
2022-04-08,0.3714570771862305,0.3025751550138977,0.3610324626865671,0.3029733841901096,0.2924778685487554,0.2936263913157858,0.2602903477452507,0.3763652566587512,0.38165761096856776,0.38428217516716195
2022-04-09,0.3496129463331194,0.3025751550138977,0.3495489427860696,0.3029733841901096,0.26902250153026763,0.2665147174839003,0.25044500004413234,0.3555107905237565,0.3377916275479007,0.36590165793411344
2022-04-10,0.3088854233483001,0.3025751550138977,0.3279706778606964,0.3029733841901096,0.2573926572469455,0.27062813805440145,0.2508437421498382,0.3482255456812731,0.34383171168152404,0.3585776557618518
2022-04-11,0.3327104447295274,0.3025751550138977,0.3466499689054726,0.3029733841901096,0.2896874206455065,0.2976811990455251,0.270946785087466,0.33958973835967526,0.3618868615647381,0.4066784188590569
2022-04-12,0.3244538967286722,0.3025751550138977,0.3876284825870646,0.3029733841901096,0.29733163527637346,0.30031744509455827,0.2847352379896001,0.33810781833117554,0.3496564935957557,0.43285237508588836
2022-04-13,0.3186202694034637,0.3025751550138977,0.3929640547263681,0.3029733841901096,0.29712703779667343,0.2981919777817766,0.28549010249499684,0.32465548520968324,0.32730969122313613,0.42518391130317884
2022-04-14,0.2826340602950609,0.3025751550138977,0.390673041044776,0.3029733841901096,0.29879096652834103,0.2929053173453365,0.28196711248603007,0.31566972037945984,0.3149855095770822,0.4195443278878487
2022-04-15,0.2735538005131494,0.3025751550138977,0.3931754729897934,0.3029733841901096,0.2915393006932469,0.24807746627018967,0.23428461896729103,0.27023534205607097,0.27669408903307907,0.4081316264419109
2022-04-16,0.2764061096856959,0.3025751550138977,0.3906268048294746,0.3029733841901096,0.26810096642561587,0.2613267530902118,0.2384962905509847,0.2684472648962291,0.2715738315870799,0.4014635479748642
2022-04-17,0.2662370376309599,0.3025751550138977,0.3573938884739855,0.3029733841901096,0.2564795674691148,0.2654401736607129,0.2363640970315299,0.27656277975732685,0.2710826584176202,0.3818215938419321
2022-04-18,0.2770099689972204,0.3025751550138977,0.3409073002240477,0.3029733841901096,0.2887508791494183,0.2926997526140528,0.25599284530756167,0.29145174240318666,0.3011607909262471,0.39448600400195777
2022-04-19,0.3374216378020098,0.3025751550138977,0.386909851879512,0.3029733841901096,0.2963895427265244,0.2953359986630859,0.2608883896844327,0.28541252265511835,0.29590305319984794,0.4258736064874743
2022-04-20,0.3531882617062219,0.3025751550138977,0.3859455439382623,0.3029733841901096,0.29618509382083286,0.2932105313503042,0.25615777691802344,0.31848021795475046,0.3282188069146847,0.41297245944633804
2022-04-21,0.3630509675005345,0.3025751550138977,0.3795427877428998,0.3029733841901096,0.29784781424552714,0.2879238709138641,0.251946796542185,0.33644626106710857,0.3435349828901013,0.4041295996758434
2022-04-22,0.3286461941415437,0.3025751550138977,0.3711857249626307,0.3029733841901096,0.29060141440424025,0.2834569804906249,0.24735177315533632,0.3435007609701166,0.3507896522121682,0.39101433125455226
2022-04-23,0.3319899775497113,0.3025751550138977,0.3430501370204284,0.3029733841901096,0.26718010051867186,0.25634530665873945,0.23064964662754345,0.31851900634856367,0.3170326457511342,0.355459633148853
2022-04-24,0.3301070932221509,0.3025751550138977,0.3137923517688091,0.3029733841901096,0.25556714075618875,0.26045872722924057,0.2336500766614616,0.32793256696982864,0.32690056809708123,0.33861094634223343
2022-04-25,0.3485687673722471,0.3025751550138977,0.3124220229197807,0.3029733841901096,0.2878150177483361,0.28799746485100797,0.25416345134954016,0.3480037060921376,0.37431814953967585,0.3656046017216461
2022-04-26,0.3467622407526191,0.3025751550138977,0.3539128051818634,0.3029733841901096,0.2954481343027294,0.29063371090004114,0.27242367238749204,0.348782016278857,0.3827894475835432,0.39224044499106114
2022-04-27,0.3583464026085097,0.3025751550138977,0.3676014885401096,0.3029733841901096,0.29524383386315534,0.2885082435872594,0.26611537980866057,0.34266053947067543,0.36042985133621025,0.3946070743243986
2022-04-28,0.3666353966217661,0.3025751550138977,0.3698814461883408,0.3029733841901096,0.29690534685832115,0.2832215831508193,0.25850134384744566,0.34640282530428523,0.3470217592591471,0.39489147664375707
2022-04-29,0.3526463545007483,0.3025751550138977,0.3848951482311908,0.3029733841901096,0.28966420918679725,0.2787546927275801,0.2532934158767591,0.34851709300186184,0.33747120926552493,0.40539028870136934
2022-04-30,0.3240657205473594,0.3025751550138977,0.3840886584454409,0.3029733841901096,0.26625990332347943,0.2516430188956946,0.23033034120136273,0.3362748996573873,0.32456924035402623,0.39676927082885516
2022-05-01,0.310360514218516,0.3025751550138977,0.3417889573991031,0.3029733841901096,0.25465537662666476,0.25331889879788805,0.26416504724401796,0.3249601411672323,0.3151503190895713,0.3647285314714228
2022-05-02,0.3514794579858883,0.3025751550138977,0.3298267625809666,0.3029733841901096,0.2868798359483903,0.28120536503229815,0.27856737183571334,0.3353615613092339,0.34413637248156925,0.38011047153558974
2022-05-03,0.3481375881975625,0.3025751550138977,0.37273408694569,0.3029733841901096,0.2945074095081919,0.28384161108133127,0.26095368789628526,0.3478427560490454,0.3623232769988493,0.40951660342538665
2022-05-04,0.3526217928159076,0.3025751550138977,0.3743392189835575,0.3029733841901096,0.2943032574269224,0.2817161437685496,0.2533133136515936,0.344833319048707,0.3479060813706303,0.40016535123475716
2022-05-05,0.3468563101347017,0.3025751550138977,0.3789763639760837,0.3029733841901096,0.29596356386936756,0.2764294833321095,0.2616530939906436,0.34431377248393524,0.3363883883961396,0.4030616123588024
2022-05-06,0.3381903459304397,0.3025751550138977,0.362589250124564,0.3029733841901096,0.28872768454633935,0.27196259290887026,0.25361022312616155,0.3358729724805467,0.3255092753832149,0.3819881419584958
2022-05-07,0.3176012356567599,0.3025751550138977,0.3503715433482809,0.3029733841901096,0.26534037435443564,0.24485091907698478,0.2531986372861044,0.32582374223787575,0.3118184251159963,0.3619066827970872
2022-05-08,0.3002892799871712,0.3025751550138977,0.3214768622321873,0.3029733841901096,0.25374427459939,0.2489643396474859,0.25793632521055865,0.3183439065318482,0.3071071412839847,0.3428530208931516
2022-05-09,0.323988555698097,0.3025751550138977,0.3199192825112107,0.3029733841901096,0.28594533325607,0.2772620337725647,0.27204031017778707,0.327870524909712,0.32629683957999384,0.3685508436159227
2022-05-10,0.3311266191825244,0.3025751550138977,0.3478470042351768,0.3029733841901096,0.2935673678464758,0.2798982798215979,0.2624513639004477,0.32802468093076675,0.33356768283905647,0.3828295612443337
2022-05-11,0.3343330794312593,0.3025751550138977,0.3528524539113103,0.3029733841901096,0.2933633640157766,0.27777281250881614,0.2588380266710791,0.3284610382549247,0.3300835068904199,0.3776023229547693
2022-05-12,0.3343969576295346,0.3025751550138977,0.3604943592620294,0.3029733841901096,0.295022464781672,0.27248615207237603,0.2627199891260883,0.32814570943595683,0.3310081234120054,0.3840758119557549
2022-05-13,0.3312327337680849,0.3025751550138977,0.3700718960359012,0.3029733841901096,0.28779183998864716,0.2680192616491368,0.25449335406672335,0.3237331495037639,0.33066848042008673,0.3892686656458633
2022-05-14,0.3178682738222507,0.3025751550138977,0.3620872911992021,0.3029733841901096,0.2644215131262897,0.24090758781725136,0.24676576517111048,0.3174961767421939,0.3041264323917982,0.3731115850163219
2022-05-15,0.3103910546290356,0.3025751550138977,0.3217712540513587,0.3029733841901096,0.2528338341935608,0.24502100838775248,0.25057991644873456,0.31611658592016895,0.3045533855885173,0.3425062178736032
2022-05-16,0.3288686978832584,0.3025751550138977,0.3233062515582149,0.3029733841901096,0.28501150917822304,0.27378743305287556,0.26984523239273195,0.33484176777716074,0.3432730571181961,0.3710563774005028
2022-05-17,0.3323293288076401,0.3025751550138977,0.3533355459985041,0.3029733841901096,0.29262800882150575,0.27642367910190874,0.2676656124735037,0.3332834041051236,0.3462354298988753,0.3872024489051864
2022-05-18,0.3346174631173829,0.3025751550138977,0.370563201196709,0.3029733841901096,0.29242415313372067,0.27429821178912706,0.268071703991237,0.3301233654758726,0.34342890317039204,0.39487380967467955
2022-05-19,0.3374672582139548,0.3025751550138977,0.361163269758165,0.3029733841901096,0.2940820490986011,0.2690115513526869,0.26189110716758174,0.32907530404353985,0.33801633873722736,0.3848182702607985
2022-05-20,0.3322058597926021,0.3025751550138977,0.3430818062827225,0.3029733841901096,0.28685667501986006,0.2645446609294477,0.2629719500878243,0.3261497536032546,0.33457123204717815,0.36269949962614295
2022-05-21,0.308749149205331,0.3025751550138977,0.3606123161306407,0.3029733841901096,0.2635033191541437,0.23743298709756222,0.2548552179394787,0.3179214762264926,0.31607268142921924,0.37168813082514307
2022-05-22,0.3067769697455633,0.3025751550138977,0.3229348977811019,0.3029733841901096,0.251924054928723,0.24154640766806335,0.2464372746937105,0.30957656733100525,0.3073383196268616,0.34374077810191817
2022-05-23,0.3292534771220868,0.3025751550138977,0.3023457678883071,0.3029733841901096,0.284078363222055,0.27083223037584325,0.2722914522319031,0.3323327736944539,0.33486329751485033,0.35010353706061925
2022-05-24,0.3248126937673722,0.3025751550138977,0.3698392545499875,0.3029733841901096,0.2916893319375666,0.2734684764248764,0.26627542417346034,0.33295061324519565,0.3414407873388862,0.40331902189593705
2022-05-25,0.3234201411161,0.3025751550138977,0.3663087447020692,0.3029733841901096,0.29148562428511765,0.27134300911209475,0.2597783921264798,0.3242161691204042,0.33323409296727097,0.3908573238748282
2022-05-26,0.3271005666025229,0.3025751550138977,0.3535807155322861,0.3029733841901096,0.29314231632388194,0.26605634867565464,0.26008090386189847,0.32054266125899517,0.33268587398305255,0.37792146414865213
2022-05-27,0.3231053747060081,0.3025751550138977,0.3499165108451758,0.3029733841901096,0.2859221891464762,0.2615894582524154,0.25672710348754907,0.3173810924009745,0.3256099508772693,0.37060829790781474
2022-05-28,0.3083568482289216,0.3025751550138977,0.3423098666168037,0.3029733841901096,0.2625857919534514,0.23447778442052994,0.25038038207151897,0.308690744045729,0.3067755513630912,0.35403465015056346
2022-05-29,0.2902544045328201,0.3025751550138977,0.3092902331089504,0.3029733841901096,0.251014936324771,0.23859120499103106,0.23686481811003152,0.30641755531092885,0.3035386187381649,0.3307895460436851
2022-05-30,0.3165794847124225,0.3025751550138977,0.2922216716529543,0.3029733841901096,0.28314589489512926,0.2684395192510358,0.2868883203784486,0.32214725139886513,0.3225368737930991,0.3406651244987458
2022-05-31,0.3209570504596963,0.3025751550138977,0.3322363818630475,0.3029733841901096,0.2907513366993029,0.271075765300069,0.28910321691598057,0.3219227193818944,0.3281866721105219,0.36591078025354007
2022-06-01,0.3189735432733504,0.3025751550138977,0.3475687332605429,0.3029733841901096,0.2905477769746903,0.26691097433215993,0.3058725569241307,0.3196283931515893,0.32762963009839735,0.37342101393445787
2022-06-02,0.3291423097534833,0.3025751550138977,0.3427329866156253,0.3029733841901096,0.2922032659616021,0.2616243138957198,0.3058968271990635,0.31757350898376685,0.3289781926266198,0.36876856221955323
2022-06-03,0.3235508156256707,0.3025751550138977,0.3596106026546777,0.3029733841901096,0.28498838187535197,0.25715742347248055,0.2919899151505267,0.320529877069274,0.32790779275974774,0.381059455291196
2022-06-04,0.3010673118629364,0.3025751550138977,0.3528018192635561,0.3029733841901096,0.26166893104001865,0.2300457496405951,0.2584948771409586,0.3053446615585619,0.3063461115446214,0.36208076224964797
2022-06-05,0.3024310344827586,0.3025751550138977,0.3084382617062219,0.3029733841901096,0.250106477901948,0.23415917021109622,0.25611075371875147,0.2984666185818031,0.29911542710577005,0.32458175546240936
