date,actual,Naive,Seasonal Naive (365d),Rolling Mean (7d),Ridge Features,Random Forest Features,SARIMA,SARIMAX,LSTM v2 (dual-stream),N-BEATS v2 (covariate-conditioned),Hybrid v2 SeasonalNaive(365d)+ResidualLSTM
2021-09-03,0.00039494135386268736,0.00040224086146853865,0.00047708571975366094,0.0003727860561026855,0.00011257914309521625,0.0004028528935099828,0.0004005221059829635,0.00040795224230441953,0.00037288837,0.0003939851,0.00034557441116545197
2021-09-04,0.000380298495116776,0.00040224086146853865,0.0004650341229074984,0.0003727860561026855,6.562255199763195e-05,0.0003908121448956828,0.0003757617259161185,0.0005454983190498467,0.00033005545,0.00037573837,0.0003130234373773718
2021-09-05,0.00034012779869229233,0.00040224086146853865,0.00042337964962936727,0.0003727860561026855,9.078764529433581e-05,0.00034426433158673934,0.00033442300878771,0.0006701148622928948,0.00033469105,0.00036398772,0.00034504063535423804
2021-09-06,0.000406263485694023,0.00040224086146853865,0.0004115492756894953,0.0003727860561026855,0.00020318295836795248,0.0004071144644935012,0.00038706067108640747,0.0005607881494516155,0.0003988708,0.00037659562,0.0003798908015682268
2021-09-07,0.00042918123041468434,0.00040224086146853865,0.00047569834439331734,0.0003727860561026855,-6.323281700558426e-05,0.0004331524102874317,0.00038642043704757874,0.00018763293142358127,0.00039943628,0.00038706328,0.00034846478268242456
2021-09-08,0.0004259713547026878,0.00040224086146853865,0.0004928414357819515,0.0003727860561026855,6.884800381726274e-05,0.00043642753232163564,0.00039619238313242045,0.0002004700710879392,0.00040282463,0.00040840582,0.0003380821866297586
2021-09-09,0.0004208088787404867,0.00040224086146853865,0.000484016906307396,0.0003727860561026855,5.9536291495462866e-05,0.00042983544238558714,0.0004005820051233882,0.0002104340003870184,0.00040914453,0.00041098343,0.00031446160427563835
2021-09-10,0.000416547319276471,0.00040224086146853865,0.0004907173474990314,0.0003727860561026855,3.913773062083181e-05,0.0004204020981958422,0.0004008922762178322,0.0002195469809778857,0.0004160373,0.0004091989,0.00030807683210743396
2021-09-11,0.00037971370092008895,0.00040224086146853865,0.00048448861625246295,0.0003727860561026855,2.3584413391931143e-05,0.0003986208542866672,0.00037748706797790144,0.00038733647092248954,0.00036103386,0.00038796585,0.00029255610966007445
2021-09-12,0.0003519701216333455,0.00040224086146853865,0.00043252178784340065,0.0003727860561026855,-1.5174563161657675e-06,0.0003624373567770514,0.000337053386780967,0.0005472630639698252,0.00036611492,0.00036955377,0.0003340110432624928
2021-09-13,0.00040898314741109925,0.00040224086146853865,0.00041683261287826215,0.0003727860561026855,0.00015227955554504894,0.0004110969236247223,0.0003902957530480346,0.00040554056934603204,0.0004380426,0.00039363554,0.0003739990273004581
2021-09-14,0.0004137876613554272,0.00040224086146853865,0.0004980406966535768,0.0003727860561026855,-1.7283860628044406e-05,0.00043343804352219314,0.00039005931435101153,0.00040675807015067255,0.00043263863,0.00040041178,0.00035799532409006225
2021-09-15,0.0004084112578012635,0.00040224086146853865,0.0005120486936584158,0.0003727860561026855,0.00016705974298014822,0.0004321117499601542,0.0004001010004288236,0.0007921345733024511,0.00042759918,0.0004087811,0.0003466572928013006
2021-09-16,0.0004062476154567774,0.00040224086146853865,0.0005128083998279454,0.0003727860561026855,0.00015803945684981146,0.0004270381707072633,0.00040467077962936556,0.0008034714501550015,0.00042409712,0.00039938826,0.00034041620114219867
2021-09-17,0.00040581479080462415,0.00040224086146853865,0.0005113359030028716,0.0003727860561026855,0.00015054881766435454,0.0004156959407819002,0.0004051013700155347,0.000812339454351583,0.00042217484,0.00039529483,0.00032998819521592516
2021-09-18,0.00039072524098714785,0.00040224086146853865,0.0005041652615237972,0.0003727860561026855,0.00011772928290667921,0.0004023411577778625,0.00038177642345447847,0.0009697003771169926,0.00036507865,0.0003756259,0.00031793467482475334
2021-09-19,0.0003617426610572591,0.00040224086146853865,0.00047332794966197596,0.0003727860561026855,0.00014897504149938138,0.000371900819173769,0.0003413962403504892,0.0011186278358099582,0.00036588477,0.00037050786,0.00037640404567605923
2021-09-20,0.0003964825302352064,0.00040224086146853865,0.0004373157637056009,0.0003727860561026855,0.0001638956819061759,0.0004042601126187787,0.00039467468756431806,0.0006140663363984226,0.0004319561,0.0003964587,0.0003944318872746992
2021-09-21,0.00040445131299762804,0.00040224086146853865,0.000490665670757142,0.0003727860561026855,-7.407887213680244e-05,0.00041594795471315164,0.00039446219239157044,0.0006226008115212605,0.0004286971,0.0004010286,0.0003561368029700748
2021-09-22,0.0004058984702373738,0.00040224086146853865,0.0004922489532266259,0.0003727860561026855,3.1119286488594917e-05,0.00041700250697797157,0.0004045199157184624,0.0006422112860409424,0.0004250766,0.0004050756,0.00033465183530343817
2021-09-23,0.0004063754590345893,0.00040224086146853865,0.0004883417270297461,0.0003727860561026855,0.000142616074640785,0.00041711633343824255,0.0004091003971291981,0.001014255198288751,0.00042316265,0.00040087805,0.000318806796249909
2021-09-24,0.00041800361392554003,0.00040224086146853865,0.0005047935113521608,0.0003727860561026855,0.00014043915583547974,0.00042641659280185024,0.00040953812409311527,0.001020483374075262,0.00042331696,0.00039901078,0.0003249526929371323
2021-09-25,0.0004211250010419853,0.00040224086146853865,0.0004999499490432486,0.0003727860561026855,0.00015780766364452414,0.0004340540021696454,0.00038621783931866677,0.0011745058666299817,0.0003656045,0.00038501553,0.00031368490619700074
2021-09-26,0.00037485075564772037,0.00040224086146853865,0.000467766835469615,0.0003727860561026855,0.0002124327657272078,0.00039576188265838985,0.000345840659571855,0.0013169904122706647,0.00036769712,0.0003834952,0.00037008649483762156
2021-09-27,0.00041058251465351896,0.00040224086146853865,0.0004435960555665488,0.0003727860561026855,0.0002608033424824841,0.0004108682297831905,0.0003991214693338487,0.0011804817449500887,0.00044190857,0.00040519424,0.0004025439500108877
2021-09-28,0.00040703623800354336,0.00040224086146853865,0.0005287784872394446,0.0003727860561026855,0.00014411349844525184,0.0004177884592405954,0.0003989103930915274,0.0015539552996977214,0.0004414278,0.00040948455,0.0003986320741325132
2021-09-29,0.0004093486437840287,0.00040224086146853865,0.0005308334796539956,0.0003727860561026855,0.00023364004797595526,0.00041632586362214845,0.0004089691095026775,0.0015794572305097014,0.00044229697,0.00041314788,0.0003691007383597328
2021-09-30,0.0004078093910766304,0.00040224086146853865,0.0005180326281141913,0.0003727860561026855,0.0002532488027261363,0.00041690858796461413,0.0004135502447120103,0.00158815854706522,0.00044175782,0.00040634457,0.00034275797289078585
2021-10-01,0.00041793532381375584,0.00040224086146853865,0.0005277860615401479,0.0003727860561026855,0.00016588256160823866,0.0004319406469470202,0.0004139883966978065,0.0016629271572033417,0.00044153706,0.0004056853,0.00034161211685863923
2021-10-02,0.00040876777707029644,0.00040224086146853865,0.0005450481836263926,0.0003727860561026855,0.00020206369600918024,0.00043178807408577084,0.00039066829075501885,0.0018215752778391282,0.00037743335,0.00039203168,0.00035384709786913274
2021-10-03,0.00039843809613580557,0.00040224086146853865,0.0005120986284876574,0.0003727860561026855,0.00022992181234182977,0.0004086889884965503,0.0003502911201061253,0.0019845968020148395,0.0003788111,0.00037872826,0.00041250144594111993
2021-10-04,0.00041387855453237934,0.00040224086146853865,0.0004908020044537221,0.0003727860561026855,0.00031499915273701097,0.0004193876226379019,0.00040357229296910833,0.001758749694099032,0.00048106382,0.00040412307,0.00046443659941577866
2021-10-05,0.00043257209095345174,0.00040224086146853865,0.0005718534322182305,0.0003727860561026855,5.511786384954976e-05,0.00044384634798734734,0.00040336129998406686,0.0017878670020071775,0.00046269366,0.0003787346,0.0002971651017858836
2021-10-06,0.0004273084622669879,0.00040224086146853865,0.0005679997408033978,0.0003727860561026855,3.5637924159614325e-05,0.0004436674950668568,0.000413420117384227,0.00154934210910296,0.00045460538,0.00042380593,0.0001548631220857981
2021-10-07,0.00042528460625460473,0.00040224086146853865,0.0005627403258816633,0.0003727860561026855,7.269488026799683e-05,0.0004408430791740253,0.00041800131053714774,0.001495500168931684,0.0004690201,0.00041848104,0.0002057579487896908
2021-10-08,0.00043305933929797753,0.00040224086146853865,0.000560169378940787,0.0003727860561026855,8.232225023323248e-05,0.00044603143013398024,0.0004184394895600592,0.0015036701170185473,0.00047550202,0.00042568988,0.00021592252311908474
2021-10-09,0.00040865307853747587,0.00040224086146853865,0.0005209504479270309,0.0003727860561026855,9.61972344825483e-05,0.0004258994818463185,0.0003951192966162759,0.0016636123899724966,0.0004019353,0.00041377588,0.00020497397517953608
2021-10-10,0.0003638197384713145,0.00040224086146853865,0.00047414804213663454,0.0003727860561026855,0.0001269818447373639,0.000388790631957805,0.0003547419575096529,0.0018227438153809372,0.00040282385,0.00039217915,0.00029092170743477014
2021-10-11,0.0004005703186166538,0.00040224086146853865,0.00043788385948385493,0.0003727860561026855,0.0001665166615060894,0.0004096740307839943,0.00040802337491052356,0.0016824299693172775,0.00047023405,0.00040108146,0.00034080346626261205
2021-10-12,0.0003924537342507932,0.00040224086146853865,0.0004980717026987103,0.0003727860561026855,6.516595019629497e-05,0.00041450923180576027,0.0004078123859794269,0.002055196854851133,0.00045897457,0.00040324705,0.00033111419974272673
2021-10-13,0.0004401337780847091,0.00040224086146853865,0.0006042244401028239,0.0003727860561026855,0.00022836501049669738,0.0004621314263655125,0.0004178712514689298,0.0024625609218284256,0.00044893942,0.00039929894,0.0004228794110382933
2021-10-14,0.00043549333674463273,0.00040224086146853865,0.0006180673037886367,0.0003727860561026855,0.000349781100131708,0.000463675401313586,0.00042245246723225254,0.002450897032125716,0.00044028193,0.0004180307,0.0004560491705440849
2021-10-15,0.0004366353526046104,0.00040224086146853865,0.000643091737016712,0.0003727860561026855,0.0003154101182691125,0.0004668987092708634,0.00042289064969241275,0.00245431862012442,0.000444115,0.00044294997,0.0004840767756393333
2021-10-16,0.00042657306112189414,0.00040224086146853865,0.0005768816372678262,0.0003727860561026855,0.0003079720544301635,0.0004430328450658863,0.0003995703539837379,0.0026085923436159897,0.0003837309,0.00042545324,0.00041192289328607153
2021-10-17,0.00040409447311774173,0.00040224086146853865,0.000496018684451827,0.0003727860561026855,0.00033038318508514844,0.0004207256869093395,0.00035919283588986117,0.002759334598118212,0.0003858279,0.0004050114,0.00040109958816817495
2021-10-18,0.0004269581949095973,0.00040224086146853865,0.0004668162156738693,0.0003727860561026855,0.00043494888331633587,0.00043679253993268914,0.000412474490799005,0.0026059628323564458,0.00046613108,0.00040700386,0.0004327640438428346
2021-10-19,0.0004313931246926143,0.00040224086146853865,0.0005917745258978282,0.0003727860561026855,0.00014804723970734273,0.00044842434744369263,0.0004122635012252153,0.002618776539151838,0.00046829067,0.00042003504,0.00046905867274647176
2021-10-20,0.00042980930707658683,0.00040224086146853865,0.0006026809893692232,0.0003727860561026855,0.0003209013367785998,0.0004600203334865826,0.00042232241166738067,0.0026506506155473007,0.00047104002,0.0004397207,0.00046034284644373984
2021-10-21,0.0004375013225197704,0.00040224086146853865,0.0005458640955106961,0.0003727860561026855,0.00031810179680147934,0.0004720441737024333,0.0004269036479459879,0.002662620812889648,0.0004675981,0.00043259657,0.0003896184794567067
2021-10-22,0.00044616190335121695,0.00040224086146853865,0.0005425974286582256,0.0003727860561026855,0.00033306056316568687,0.0004824133854306378,0.00042734183244396985,0.002671740158187563,0.00046324555,0.00043819894,0.00038358663658267156
2021-10-23,0.0004216262761113494,0.00040224086146853865,0.000518961880448122,0.0003727860561026855,0.00034640368207802054,0.000450973325455738,0.0004040214330351949,0.0028236132742375467,0.00039757098,0.00042910408,0.00037056995447841163
2021-10-24,0.00039452455975320656,0.00040224086146853865,0.000475739453531809,0.0003727860561026855,0.00035713234179036887,0.0004129061889985485,0.0003636437353289282,0.0029837058633930403,0.00040093466,0.0004088314,0.0003734723408276705
2021-10-25,0.00046942061771451904,0.00040224086146853865,0.0004962948356702833,0.0003727860561026855,0.00044556974424278593,0.00048180158007031553,0.00041692562733049214,0.0028272000586287674,0.00047305212,0.00041449434,0.00045317138640396377
2021-10-26,0.0004697760949982782,0.00040224086146853865,0.000597050779308493,0.0003727860561026855,0.00028948568265892095,0.0004921322712024963,0.00041671463683550224,0.0028171121219817425,0.00046944898,0.00044460077,0.0004808800171360711
2021-10-27,0.00047378244822295025,0.00040224086146853865,0.0005945146706205761,0.0003727860561026855,0.00035992233464649486,0.0005036694446410491,0.0004267735920445171,0.0028360495923819306,0.00047950028,0.00046965826,0.00046195373489735535
2021-10-28,0.00047585968594243233,0.00040224086146853865,0.0005813649720411406,0.0003727860561026855,0.0003891226331768588,0.0005078029901355948,0.00043135484871425697,0.0028441033078804704,0.00048533778,0.00046254,0.00042114441275582705
2021-10-29,0.0004781569428600924,0.00040224086146853865,0.0005503986425158606,0.0003727860561026855,0.0003916568177724632,0.0005127949190467505,0.0004317930351670847,0.002852655194270136,0.0004910356,0.00046253155,0.00037535234837840666
2021-10-30,0.0004481613929387383,0.00040224086146853865,0.0005435068231879694,0.0003727860561026855,0.0003739680187331701,0.00047856740255312435,0.0004084725320023191,0.003011390060806606,0.0004206854,0.00044557775,0.00035835928284633516
2021-10-31,0.00039361859363407905,0.00040224086146853865,0.0004665822187414935,0.0003727860561026855,0.00048274071406221344,0.00041889686788558505,0.0003680946546458407,0.0035328591503346646,0.00042726367,0.0004264405,0.00036941580396654156
2021-11-01,0.0003839618748809731,0.00040224086146853865,0.00046837743391647916,0.0003727860561026855,0.00034520327887320516,0.00041432351792525224,0.00042137678371615767,0.0033363239193434555,0.0005148297,0.00043687574,0.00042502434901080065
2021-11-02,0.00048720137503582817,0.00040224086146853865,0.0005777741933086399,0.0003727860561026855,1.513849296914374e-05,0.0005191245664198904,0.0004211657922834485,0.0034086899259930916,0.0005079175,0.00043272137,0.00042761981920749916
2021-11-03,0.0004956063488643643,0.00040224086146853865,0.0005599345691158422,0.0003727860561026855,0.0003882896909136636,0.0005206146311607124,0.00043122479224848173,0.0033959807116206555,0.0004929679,0.00044546422,0.0003952501133479108
2021-11-04,0.0004998440228197981,0.00040224086146853865,0.000583802720728203,0.0003727860561026855,0.0003336198627754526,0.0005298301068619213,0.0004358060693020776,0.003394692345377602,0.0004916132,0.0004722724,0.0004074053351709532
2021-11-05,0.0005023313218208387,0.00040224086146853865,0.000551032118082168,0.0003727860561026855,0.00033190677532369536,0.000531405145381109,0.0004362442577048392,0.0034006772428564823,0.0004935032,0.00048232576,0.0003634454065574984
2021-11-06,0.0004559323588045831,0.00040224086146853865,0.0005319902257797497,0.0003727860561026855,0.0003100470086014898,0.0004907407313247562,0.0004129236507803343,0.003562823747334167,0.00042696818,0.00045582096,0.0003311757453369966
2021-11-07,0.00043742421560951647,0.00040224086146853865,0.0005168722820356315,0.0003727860561026855,0.0002490555090036887,0.00045639738526077363,0.0003725455937706496,0.0037214311865225143,0.0004329366,0.00042868458,0.0004132426717388297
2021-11-08,0.0005129759227661279,0.00040224086146853865,0.00046560976697389354,0.0003727860561026855,0.0004394131325714793,0.0005009539234211054,0.0004258279599093084,0.003927027144654173,0.0005209659,0.0004584896,0.0004342460387287694
2021-11-09,0.0005223040153944506,0.00040224086146853865,0.0005493493143367307,0.0003727860561026855,0.00039271060467551,0.0005413680681227878,0.00042561696753789645,0.003949337642205879,0.0005302936,0.00048426827,0.00042506990819332093
2021-11-10,0.0005324985588542137,0.00040224086146853865,0.0005932277455562646,0.0003727860561026855,0.000481185726864472,0.0005473329165618865,0.0004356760122584932,0.003970022472431964,0.00054184336,0.00050663966,0.00043445905382034336
2021-11-11,0.0005050337507045423,0.00040224086146853865,0.0006099107397508182,0.0003727860561026855,0.0005118655215573886,0.0005402615475964136,0.00044025730969559875,0.003972595767782052,0.00054764515,0.0005101715,0.00042290559182419035
2021-11-12,0.0005040748837945962,0.00040224086146853865,0.0006004063998335195,0.0003727860561026855,0.00044644048183358593,0.0005371527834977091,0.000440695500048011,0.003988856187847219,0.0005528724,0.0004963379,0.0003791895381234229
2021-11-13,0.0004570256418148369,0.00040224086146853865,0.0005902066883871559,0.0003727860561026855,0.0005313887705699516,0.0004990103280546806,0.0004173747893631103,0.004518560172828051,0.00046608874,0.00046727707,0.00036672007388552656
2021-11-14,0.0004179859001758871,0.00040224086146853865,0.0005247977523288211,0.0003727860561026855,0.0005072800610058049,0.0004529288938631628,0.0003769965526992897,0.004693436837567021,0.0004704109,0.0004375984,0.000387058759765356
2021-11-15,0.0005184855401298987,0.00040224086146853865,0.0005069368768017182,0.0003727860561026855,0.0005210469662903145,0.0005243164190402334,0.0004302791559072582,0.004173441842790502,0.00055906025,0.00046148465,0.00044119887520716316
2021-11-16,0.0005434374805629669,0.00040224086146853865,0.0005989355287935838,0.0003727860561026855,0.0005546794603505372,0.0005842461755656339,0.0004300681625970811,0.004521989050551811,0.0005468852,0.00050512265,0.00046858764983786014
2021-11-17,0.0005684206004015329,0.00040224086146853865,0.0006219557173289185,0.0003727860561026855,0.0006698816723937251,0.0006002381211393969,0.00044012725207340177,0.004529251219269654,0.00054685725,0.0005159887,0.0004647577074430927
2021-11-18,0.0005254720513900723,0.00040224086146853865,0.0006206179284152868,0.0003727860561026855,0.0006898255939516699,0.000553562880262741,0.00044470856989408194,0.004531846654842829,0.00054716883,0.0005271419,0.0004421649042376714
2021-11-19,0.000535313281689337,0.00040224086146853865,0.0006237675387378147,0.0003727860561026855,0.0005761406344876855,0.0005548351191179288,0.00044514676219613617,0.00456680821541443,0.0005547761,0.0005099791,0.00039976934226125776
2021-11-20,0.0005120942429191489,0.00040224086146853865,0.0006090583638284174,0.0003727860561026855,0.0005744873301109959,0.0005367540342839738,0.00042182594775036627,0.004718924472776213,0.00047332433,0.00048302807,0.00038283503473089187
2021-11-21,0.00045739658857227484,0.00040224086146853865,0.0005239482795941668,0.0003727860561026855,0.0005890755527647004,0.0004947162257187474,0.0003814475314316029,0.004867232442983425,0.0004850411,0.00045696806,0.00039926347905675793
2021-11-22,0.0005582800798705757,0.00040224086146853865,0.0005008560920027164,0.0003727860561026855,0.0006932712474828725,0.0005979288463373564,0.0004347303717099306,0.004719100191020831,0.00058388186,0.00048996933,0.00046548343963626694
2021-11-23,0.0005792974839101443,0.00040224086146853865,0.0006593443626597101,0.0003727860561026855,0.0006339569621741061,0.0006113879788033956,0.0004345193774609811,0.004705816908334594,0.0005696962,0.0005173699,0.0005159426157169321
2021-11-24,0.0005937403616362182,0.00040224086146853865,0.0006664265149762681,0.0003727860561026855,0.000751901427428641,0.000621433166555825,0.00044457851169322235,0.004726366040495618,0.0005699062,0.000547463,0.000476099643240982
2021-11-25,0.0005630619907497356,0.00040224086146853865,0.0006652670979177873,0.0003727860561026855,0.0007429075507079559,0.0005989304768525178,0.00044915984989756625,0.004735054692507154,0.0005686074,0.0005386732,0.0004483777986809016
2021-11-26,0.0005668744545607855,0.00040224086146853865,0.0006523045968842525,0.0003727860561026855,0.0006738841532565887,0.0006047346649986113,0.0004495980441492702,0.00473429309975231,0.0005766717,0.0005313358,0.0003909115218927884
2021-11-27,0.0005610113637310895,0.00040224086146853865,0.0006282931439247195,0.0003727860561026855,0.0006888224072384162,0.000562318135678322,0.000426277125942169,0.004896013662865971,0.0004909057,0.0004879,0.0003705928390017097
2021-11-28,0.0004948405698409064,0.00040224086146853865,0.0005300003808982322,0.0003727860561026855,0.000706889432148094,0.0005205928187211104,0.000385898529967663,0.005045442965830909,0.00049491,0.0004793201,0.000413002606385116
2021-11-29,0.0005143001257435768,0.00040224086146853865,0.00048411480179821117,0.0003727860561026855,0.0007671928537645459,0.0005621278364180527,0.00043918160731740445,0.004911518597603135,0.00059193274,0.000506174,0.0004486789834289879
2021-11-30,0.0005962278209426857,0.00040224086146853865,0.0005425455196613164,0.0003727860561026855,0.00042937525114826263,0.0006257457570362505,0.000438970612129678,0.00455969891464037,0.00057998364,0.000508693,0.0004098916063471454
2021-12-01,0.0006164145222609732,0.00040224086146853865,0.0006523486092104907,0.0003727860561026855,0.0007420488086312754,0.0006477601232439656,0.00044902979111803874,0.004485794868178161,0.00056399824,0.0005352362,0.0004768374919260859
2021-12-02,0.0006342524284669093,0.00040224086146853865,0.000664095255215751,0.0003727860561026855,0.0005973360909270279,0.000660085147170917,0.00045361114970613706,0.00416995593781814,0.00057277706,0.00055600586,0.0004505986983354439
2021-12-03,0.0005088283404605124,0.00040224086146853865,0.000525921982751813,0.0003727860561026855,0.0006136037187185286,0.0005788346486600701,0.0004540493459074992,0.004182211075353788,0.0005799638,0.00056048075,0.0002566747640214672
2021-12-04,0.000527392269944079,0.00040224086146853865,0.0005873645837107475,0.0003727860561026855,0.000347389030762483,0.0005721546926982634,0.0004307283239386048,0.004388493819036648,0.0005001049,0.0004946409,0.00028386730118105594
2021-12-05,0.00048044890969867063,0.00040224086146853865,0.0005593231577764089,0.0003727860561026855,0.0004931235149285071,0.0005210250838398251,0.00039034954830755676,0.004531801617908258,0.0004930344,0.00047292808,0.000452841961057531
2021-12-06,0.00046664693306863687,0.00040224086146853865,0.0005419433985226721,0.0003727860561026855,0.0004932561446456319,0.000529428052126362,0.00044363286272976687,0.004388128120527255,0.00058173895,0.00048473527,0.0004917744772506567
2021-12-07,0.0005554638341338985,0.00040224086146853865,0.0005662958018511654,0.0003727860561026855,0.00021355456191747438,0.0006053749562275249,0.00044342186660325925,0.00440709471087305,0.0005723163,0.00050070434,0.0004245686236624978
2021-12-08,0.0004949069362875699,0.00040224086146853865,0.0005543877386071945,0.0003727860561026855,0.0005833652578821745,0.0005536853944729191,0.00045348109034793886,0.0043685624192978155,0.00055222143,0.00050789694,0.0003888271461858781
2021-12-09,0.0006217824296275206,0.00040224086146853865,0.0007579461409899451,0.0003727860561026855,0.00040287662837535694,0.0006643754994663135,0.000458062469319882,0.004432124111950616,0.00055349665,0.0004985536,0.0005813896090775533
2021-12-10,0.0005587001602413046,0.00040224086146853865,0.0007303507608209937,0.0003727860561026855,0.000511047806583018,0.000577366179722771,0.0004585006674709112,0.004037823964272237,0.0005423132,0.0005116022,0.0005649321838929177
2021-12-11,0.0004978201668074148,0.00040224086146853865,0.0006671072544390901,0.0003727860561026855,0.000423170151783945,0.000544222753327879,0.00043517954173976205,0.004591310070558947,0.00047690628,0.0005198207,0.00043026563170462436
2021-12-12,0.0004296184634660725,0.00040224086146853865,0.0005576490635942113,0.0003727860561026855,0.0004879079408994684,0.0004739190597472888,0.0003948005864513726,0.00513660879979576,0.00048137718,0.00048106047,0.0004681642741935201
2021-12-13,0.0005474889597652615,0.00040224086146853865,0.000522730682653244,0.0003727860561026855,0.0004787943128863564,0.0005493893994171515,0.00044808413794710617,0.0049929694280733275,0.0005704508,0.00050164224,0.0005089327198552761
2021-12-14,0.0005597867905763492,0.00040224086146853865,0.0006711280533406168,0.0003727860561026855,0.0005163407454898116,0.0006072644066221271,0.000447873140881813,0.004961543619122068,0.00056246336,0.00053957745,0.0005565492515794163
2021-12-15,0.0006021679385299223,0.00040224086146853865,0.0006644998434601167,0.0003727860561026855,0.0005322612594276683,0.000579871986538501,0.00045793240938301065,0.004971632449078264,0.000564409,0.0005359016,0.0004923772452239655
2021-12-16,0.0006054820929220023,0.00040224086146853865,0.0006677884584119516,0.0003727860561026855,0.0007412042556083451,0.0006527403401108766,0.00046251380873888945,0.004966790769298792,0.0005675364,0.0005587958,0.0004755922704824026
2021-12-17,0.0005889091568383409,0.00040224086146853865,0.0006428428757630738,0.0003727860561026855,0.0006601650963664185,0.0006348969462077635,0.00046295200883959424,0.004971637676868416,0.00057338463,0.0005405565,0.0004195037854177176
2021-12-18,0.000637706289038379,0.00040224086146853865,0.000650149967066238,0.0003727860561026855,0.0005806502234071216,0.0005779180543941928,0.0004396307793457287,0.005134243896568327,0.0004906989,0.0005030526,0.0004049459994248829
2021-12-19,0.0005331703187448983,0.00040224086146853865,0.0005683038787517314,0.0003727860561026855,0.0006827270958232248,0.0005522590328399093,0.00039925164439919854,0.005256681969195111,0.0004981903,0.00050334603,0.000470350654074923
2021-12-20,0.0006864554899158266,0.00040224086146853865,0.0005249102798858791,0.0003727860561026855,0.0007013393474240655,0.0006215749220588459,0.00045253543296951024,0.005131975433463198,0.0006325232,0.00052089925,0.0005116621032611648
2021-12-21,0.0006804506890889072,0.00040224086146853865,0.0007008935082863945,0.0003727860561026855,0.0007554594657682792,0.0007191101110230732,0.00045232443496542765,0.005111070808377884,0.0006134202,0.0005703234,0.0005774621770188037
2021-12-22,0.0006792719632862099,0.00040224086146853865,0.0006681154734797281,0.0003727860561026855,0.0008083593678870288,0.0007141613723244731,0.0004623837482233422,0.005136378864841002,0.00064016826,0.00063448126,0.0004517703869452632
2021-12-23,0.000642814661919061,0.00040224086146853865,0.0006695011069274239,0.0003727860561026855,0.0008242794525325061,0.0006969495595776287,0.00046696516796324744,0.005145325426854323,0.0006363211,0.0005947072,0.00042939567695524257
2021-12-24,0.0005361194576803291,0.00040224086146853865,0.0006095527186379079,0.0003727860561026855,0.0007165189385902799,0.0006024950942381842,0.00046740337001363656,0.005175974836574953,0.0006379872,0.0005764445,0.00032044034290149785
2021-12-25,0.0004187848624226766,0.00040224086146853865,0.0005115731515055234,0.0003727860561026855,0.0005557349765039857,0.0005252851131836443,0.0004440820367565928,0.005329585011503625,0.00057119643,0.0005114479,0.00021557226825594635
2021-12-26,0.0004363496883341893,0.00040224086146853865,0.0005483291341625766,0.0003727860561026855,0.00016015465101147815,0.0005009752769087075,0.0004037027221511227,0.004842839862071274,0.00050485565,0.00043909336,0.00035855280469154863
2021-12-27,0.0005433253469169739,0.00040224086146853865,0.0005210907299589466,0.0003727860561026855,0.000461787289249567,0.0006271951470905875,0.00045698674779706726,0.004650864223624319,0.0005784182,0.0004845836,0.00043339627764645076
2021-12-28,0.0005171375317965813,0.00040224086146853865,0.0006982977100584073,0.0003727860561026855,0.00036418740822941493,0.000604928876061326,0.000456775748854191,0.004650203259339709,0.0005530778,0.0004960914,0.0005275622363790653
2021-12-29,0.0005118941015938847,0.00040224086146853865,0.0007098883968179204,0.0003727860561026855,0.00034922169241638327,0.0005985881536072643,0.0004668351068690217,0.004675825428767445,0.0005388434,0.0005051229,0.0005235356906203538
2021-12-30,0.0005109184827668459,0.00040224086146853865,0.0007287728202169634,0.0003727860561026855,0.0003448223141886106,0.0005646338682597605,0.0004714165469930441,0.004692883821156098,0.0005281716,0.0004956356,0.0005553796434516927
2021-12-31,0.00048150788734760555,0.00040224086146853865,0.0006436566973521997,0.0003727860561026855,0.00026814505731505777,0.0005318392148721884,0.00047185475099312615,0.004711034111006775,0.00052471075,0.00046551833,0.00046256770230438434
2022-01-01,0.0003767715352707205,0.00040224086146853865,0.000519607665530475,0.0003727860561026855,3.304997598895486e-05,0.00043217968607818985,0.0004485333139724426,0.00477054416906129,0.00050456956,0.00044371837,0.00032603120106835734
2022-01-02,0.0003997756846163859,0.00040224086146853865,0.0005754394497228269,0.0003727860561026855,-5.168048901093246e-05,0.0004379828443457534,0.000408153819707233,0.005017372337114376,0.0004575824,0.0004288658,0.00045254814025323203
2022-01-03,0.0005368878817433278,0.00040224086146853865,0.0005393332004834619,0.0003727860561026855,0.000348841418643546,0.0005864201360945057,0.0004614380824298654,0.004995401881599371,0.0005432438,0.00046777868,0.0004772452606169084
2022-01-04,0.0005549650437986486,0.00040224086146853865,0.0007398640425565518,0.0003727860561026855,0.0002892271261722432,0.0006012509269399493,0.0004612270825481913,0.004970299307369254,0.00053187675,0.00049922266,0.000591409857893273
2022-01-05,0.0005518154429271001,0.00040224086146853865,0.0006963204069479552,0.0003727860561026855,0.0003339859976742971,0.0005776229685750648,0.00047128648532013734,0.004994512854318283,0.00053908175,0.0005311461,0.0005366959714131695
2022-01-06,0.0004540650410413953,0.00040224086146853865,0.0005502040128093287,0.0003727860561026855,0.00031221575437733113,0.0005228824236231948,0.0004758679458283675,0.005015180340068061,0.0005520454,0.00054528785,0.00038083667500128345
2022-01-07,0.000551691767290383,0.00040224086146853865,0.0007303465802306384,0.0003727860561026855,0.00010283472223492952,0.0005494030075640641,0.00047630615177815126,0.005046788516914093,0.00056663854,0.000495877,0.0005254059599582664
2022-01-08,0.0005131323808626097,0.00040224086146853865,0.0007129890013312857,0.0003727860561026855,0.0002330392017349793,0.0005103025741493432,0.0004529846109933663,0.005160409667885511,0.00047324164,0.0004705779,0.0005236865032914619
2022-01-09,0.0004995807211564048,0.00040224086146853865,0.0006536621274745609,0.0003727860561026855,0.0003309981055620867,0.000518233472482241,0.00041260493706761785,0.005680685686501758,0.00050156715,0.00046980605,0.0005302053915492199
2022-01-10,0.0005779750442923893,0.00040224086146853865,0.0006314198771278043,0.0003727860561026855,0.0005762621712400215,0.0006109951364162939,0.0004658894368679929,0.005536220723843721,0.0006134664,0.0005561379,0.0005877395560353893
2022-01-11,0.0005624438530242901,0.00040224086146853865,0.000842295938417117,0.0003727860561026855,0.00042794184098926514,0.0006023139452394415,0.0004656784360475167,0.005534666116349126,0.00059218134,0.0005631154,0.000690459067407619
2022-01-12,0.0005821796953299182,0.00040224086146853865,0.00083749905936717,0.0003727860561026855,0.0004684173010608805,0.0006103635963425144,0.0004757378835767771,0.005558587031408539,0.0005846068,0.00054120476,0.0006287211044262882
2022-01-13,0.0006086191899702664,0.00040224086146853865,0.0007923384643112291,0.0003727860561026855,0.000536566625390185,0.0005566389627719856,0.0004803193644693057,0.00591598750760516,0.0005750484,0.0005189955,0.0005693856392574588
2022-01-14,0.0006100065532858444,0.00040224086146853865,0.0007488228154325098,0.0003727860561026855,0.0006820109219030167,0.0006333571371078824,0.0004807575723687998,0.00592132253503039,0.0005848967,0.00053267984,0.0004778155248567477
2022-01-15,0.0005582658126875974,0.00040224086146853865,0.0006879576004526185,0.0003727860561026855,0.0006366544492366982,0.000547816390272927,0.00045743592781945176,0.006084128818082108,0.0004992245,0.0004953647,0.0004076993420137081
2022-01-16,0.0005210126750294802,0.00040224086146853865,0.0005490584149245218,0.0003727860561026855,0.0005098713152986606,0.0005354733768177356,0.00041705607423236517,0.005885452454544355,0.0005038887,0.0004792193,0.0004321540716569585
2022-01-17,0.0006517415902170086,0.00040224086146853865,0.0005541036907180674,0.0003727860561026855,0.0006331989856184689,0.0006318992415145027,0.00047034081111153777,0.00572855027004966,0.0005971358,0.00054779276,0.0005290081729260392
2022-01-18,0.0006443244985806555,0.00040224086146853865,0.0007190102127177274,0.0003727860561026855,0.00048271039589883977,0.0006680729198119442,0.00047012980935225526,0.005344709319339446,0.0005821617,0.0005472978,0.0005834816414045439
2022-01-19,0.0006529368274786584,0.00040224086146853865,0.0007144479112377055,0.0003727860561026855,0.0005337227691847539,0.0006670211163643791,0.00048018930163902935,0.0053670914998536,0.0005969948,0.0005790171,0.0004976291444902373
2022-01-20,0.0006321508243225652,0.00040224086146853865,0.0007132285723841349,0.0003727860561026855,0.0005826943245541929,0.0006732858838990911,0.0004847708029159471,0.005381585793719283,0.00060105993,0.000576483,0.0004667234369318793
2022-01-21,0.0006455134839306633,0.00040224086146853865,0.000694141854862909,0.0003727860561026855,0.0005332556850248047,0.0006764471151585276,0.00048520901276516014,0.005393371636722224,0.0006120454,0.00056207547,0.0003999099761339011
2022-01-22,0.0005684375927767657,0.00040224086146853865,0.0006570797600898547,0.0003727860561026855,0.0005313007692309331,0.000604392112569525,0.0004618872644507872,0.005557623966725344,0.00051087886,0.0005087558,0.00034659421464025585
2022-01-23,0.0004936596799149483,0.00040224086146853865,0.000559462975298285,0.0003727860561026855,0.0004218887260277316,0.0005421894662028701,0.0004215072312015631,0.005736343469634476,0.0005170281,0.0004921941,0.0004222545641965599
2022-01-24,0.0006397860114919753,0.00040224086146853865,0.0005484333005389243,0.0003727860561026855,0.0006104078432572306,0.0006853199436568359,0.00047479220516058793,0.005944048716914312,0.0006234834,0.0005575497,0.0005090801530729179
2022-01-25,0.0006309336252174542,0.00040224086146853865,0.0007098894419655091,0.0003727860561026855,0.0006475368732398287,0.0006932894487810052,0.0004745812024624952,0.0059287854567826054,0.00059695536,0.0005618187,0.0005769798834814252
2022-01-26,0.000619968814182285,0.00040224086146853865,0.0007084853442437451,0.0003727860561026855,0.0006606777585381252,0.0006886526512207503,0.00048464073950698196,0.005951586583166406,0.00059773296,0.0005658794,0.0004776670988938263
2022-01-27,0.0006439745518341185,0.00040224086146853865,0.0006791915992430344,0.0003727860561026855,0.0006403145557710337,0.0006958883192387512,0.0004892222611683797,0.0059634508403070925,0.0005897768,0.0005372911,0.00044765445176476115
2022-01-28,0.0006243821828854079,0.00040224086146853865,0.0006290763078512415,0.0003727860561026855,0.0007027299873291443,0.0006887317839279303,0.0004896604729673203,0.00596576021758402,0.0005890408,0.00054283044,0.0003814587573067025
2022-01-29,0.0005692167573033548,0.00040224086146853865,0.0005756790207756759,0.0003727860561026855,0.00059625045271797,0.0006047012662727836,0.0004663386208874608,0.006137844244634963,0.00050081033,0.0005071872,0.00031179030540444234
2022-01-30,0.0004990527552334911,0.00040224086146853865,0.0005257656751235363,0.0003727860561026855,0.0005128594206241432,0.0005420802808903671,0.0004259584079752999,0.006307118981895991,0.00050620927,0.000496939,0.00041722549138127304
2022-01-31,0.0006385218428968344,0.00040224086146853865,0.000503805382370729,0.0003727860561026855,0.000615148652501879,0.0006862112338371994,0.00047924361901523194,0.006153679538401069,0.00061585644,0.00055044936,0.00047978753188867863
2022-02-01,0.000638072586938442,0.00040224086146853865,0.0006692190332059645,0.0003727860561026855,0.0007215989799429034,0.0006980701455111608,0.0004790326153783245,0.00612615293605084,0.0005957197,0.0005492605,0.000549200480706571
2022-02-02,0.0005998738877207965,0.00040224086146853865,0.0006220180778017154,0.0003727860561026855,0.0007426610718075468,0.0006647017154974759,0.000489092197180723,0.006148290184496665,0.0006019469,0.0005799942,0.0004184338847913709
2022-02-03,0.0005972495275799074,0.00040224086146853865,0.0006171057680069639,0.0003727860561026855,0.0006872991235599234,0.0006646631626589665,0.0004936737392266914,0.0061680592536861815,0.00060086255,0.00054854824,0.00039841183076059816
2022-02-04,0.0005832228027416074,0.00040224086146853865,0.0006202459720011928,0.0003727860561026855,0.0006837739745071895,0.0006490910476891209,0.0004941119529753684,0.006180900351911877,0.0005952668,0.0005302803,0.0003982721875865166
2022-02-05,0.0005287162324633878,0.00040224086146853865,0.0005680441015121659,0.0003727860561026855,0.000619999615158324,0.0005753859652303544,0.0004707899971295607,0.006355218780359613,0.0004981191,0.000496866,0.0003220707032607573
2022-02-06,0.0004574078901048588,0.00040224086146853865,0.0005237010441256667,0.0003727860561026855,0.000544034410957579,0.0005082794620420944,0.00043040960455366346,0.006525063781972502,0.000500155,0.00048013448,0.0004251514148645287
2022-02-07,0.0005917818300852246,0.00040224086146853865,0.0005033773363693708,0.0003727860561026855,0.0006258953609453288,0.0006629715713828569,0.00048369505267555757,0.006368117444157139,0.00059872126,0.0005325057,0.0004747702727213609
2022-02-08,0.0005741572102495443,0.00040224086146853865,0.0006796127937213105,0.0003727860561026855,0.0007509626659471779,0.0006379807840718865,0.00048348404809983125,0.006725823360085402,0.00057689665,0.000540977,0.0005488430591902903
2022-02-09,0.0005715609837110448,0.00040224086146853865,0.000672160078520777,0.0003727860561026855,0.0006098106913035121,0.000613545531107552,0.0004935436746603409,0.006386094787293236,0.000574424,0.00053834624,0.000492780129976876
2022-02-10,0.0005781151512353455,0.00040224086146853865,0.0006688345350208053,0.0003727860561026855,0.0006236355465945284,0.0006212082366846458,0.0004981252370909704,0.006396983549870593,0.0005706478,0.0005246003,0.0004827550801122558
2022-02-11,0.0005505474270017178,0.00040224086146853865,0.0006562911381703692,0.0003727860561026855,0.0006225027111741576,0.0006012705042382859,0.0004985634527893925,0.006405628423448421,0.00057232886,0.0005249176,0.00044812913816693267
2022-02-12,0.000515395973640658,0.00040224086146853865,0.0006295453468635818,0.0003727860561026855,0.0005240313142706748,0.0005596778715190358,0.00047524139317717495,0.006580912288992073,0.0004863233,0.00047985816,0.0003998961262195815
2022-02-13,0.00044982808846038164,0.00040224086146853865,0.0005099611855411031,0.0003727860561026855,0.0004893876198148161,0.0004930523946858455,0.000434860820936742,0.0067426025467820635,0.0004898277,0.00046741634,0.00041571628480484095
2022-02-14,0.0005883428779184404,0.00040224086146853865,0.0004698717627134075,0.0003727860561026855,0.0005902774710220318,0.0006266368213411094,0.0004881465061416529,0.006591193442179197,0.00058972853,0.00052868057,0.000445792560846994
2022-02-15,0.0005713049759445677,0.00040224086146853865,0.0006374673333314751,0.0003727860561026855,0.0005961670452011834,0.0006193152889385552,0.00048793550062710373,0.006578686993112137,0.0005730373,0.0005420752,0.0005062692192399197
2022-02-16,0.0005660136144192807,0.00040224086146853865,0.0006234522525485342,0.0003727860561026855,0.0005814935140159225,0.0006052248869077668,0.0004979951719459234,0.0066007488486259465,0.00057835435,0.0005489611,0.00044281941800501846
2022-02-17,0.0005386971689420418,0.00040224086146853865,0.0006059073599757711,0.0003727860561026855,0.0005931721761499129,0.0005902215135831775,0.0005025767547613049,0.006617845180382875,0.0005778143,0.0005401231,0.00040716638350368935
2022-02-18,0.0005353522359080307,0.00040224086146853865,0.0005818693138164795,0.0003727860561026855,0.0005146071249212895,0.0005835738482365852,0.0005030149724094807,0.006633427797159164,0.00058048835,0.0005237168,0.00035373408979983914
2022-02-19,0.0005023995317799095,0.00040224086146853865,0.0005479002752686493,0.0003727860561026855,0.0004968906237737567,0.0005429622190759423,0.0004796928090303916,0.0068025339709991695,0.0004917373,0.00048995065,0.00030805620435411465
2022-02-20,0.00045379821265861413,0.00040224086146853865,0.0004604492926905628,0.0003727860561026855,0.000458727553833978,0.0004981006031628916,0.0004393120571246237,0.0069621859118819875,0.0004935769,0.00045394033,0.00033277387139665505
2022-02-21,0.0005561940253526238,0.00040224086146853865,0.0004600116081058858,0.0003727860561026855,0.0005973990533755701,0.0006045165645590355,0.0004925979794136062,0.006807403672316376,0.0005852033,0.00052917347,0.00041405104615957597
2022-02-22,0.0005206030145114885,0.00040224086146853865,0.0006553285572411076,0.0003727860561026855,0.0005075939144366403,0.0005695710959765513,0.0004923869729602298,0.00680543238538455,0.0005672242,0.0005230597,0.0005108285989156303
2022-02-23,0.0005266256893934876,0.00040224086146853865,0.0005962568155235538,0.0003727860561026855,0.0004778563166538006,0.0005757611743436894,0.0005024466890375589,0.006837235203728546,0.0005635152,0.0005109741,0.00041550814783815256
2022-02-24,0.000556206929939475,0.00040224086146853865,0.0005704225090416878,0.0003727860561026855,0.0005067281229337044,0.0006017684905989866,0.000507028292237783,0.00684387193180484,0.00055551366,0.00048947183,0.00038851576916863295
2022-02-25,0.0005558270060781404,0.00040224086146853865,0.0005700727329819778,0.0003727860561026855,0.0005597936342104357,0.0006025391988709232,0.0005074665118357212,0.006841852137054214,0.0005540878,0.00050021743,0.0003689102346511651
2022-02-26,0.0004894135899246115,0.00040224086146853865,0.0005422008532120405,0.0003727860561026855,0.00040861402406767457,0.0005350707133800114,0.00048414424468929876,0.006640211937611735,0.00047407218,0.00047585048,0.000320287350853021
2022-02-27,0.0004292972915436322,0.00040224086146853865,0.00047520526698643527,0.0003727860561026855,0.00031860372032735775,0.00046822613941669485,0.00044376331311739644,0.006814761307913632,0.00048065762,0.00045243045,0.00038520367858288555
2022-02-28,0.000505452067715577,0.00040224086146853865,0.0004802054853061539,0.0003727860561026855,0.0004166898361505323,0.0005479893237799087,0.0004970494724915056,0.006672176779863106,0.0005706056,0.0005127908,0.0004591995557443284
2022-03-01,0.0005066477858935071,0.00040224086146853865,0.0006362240722108726,0.0003727860561026855,0.0003331072681499671,0.0005511073338258411,0.000496838465099298,0.006656414222679089,0.0005572243,0.0004981751,0.0005059220771778206
2022-03-02,0.0005158981303898691,0.00040224086146853865,0.0006129013715123424,0.0003727860561026855,0.0004075697007087724,0.0005606036543071442,0.0005068982259353354,0.006675096785703744,0.0005522297,0.0004911939,0.00044033833946478465
2022-03-03,0.0005361783699246499,0.00040224086146853865,0.0006128786105204092,0.0003727860561026855,0.0004660873338731217,0.0005859517192470062,0.0005114798495204929,0.006679391478896403,0.0005464923,0.00048378445,0.00043430068010885453
2022-03-04,0.0005425707892733867,0.00040224086146853865,0.0006197064435903651,0.0003727860561026855,0.0005029008808076902,0.0005957093825388663,0.0005119180710682022,0.006680356849787272,0.0005433978,0.0004837873,0.0004300718271761758
2022-03-05,0.0005270086590579297,0.00040224086146853865,0.0005825483113666534,0.0003727860561026855,0.00045213350097090486,0.0005464500040021125,0.0004885957001539848,0.006838473959157444,0.00046111035,0.00046193332,0.00038278989563375024
2022-03-06,0.00046728935706623104,0.00040224086146853865,0.000513817896271192,0.0003727860561026855,0.0006534774807047388,0.0005098970554777403,0.00044821458891514864,0.007720572958137337,0.00046771372,0.00045148598,0.00042403985157376525
2022-03-07,0.0005689815090896382,0.00040224086146853865,0.00047404155321008947,0.0003727860561026855,0.0006254939251672239,0.0005735730500316108,0.0005015009853754394,0.007213108898936886,0.0005679229,0.000511857,0.0004565167098380654
2022-03-08,0.0005555985708450595,0.00040224086146853865,0.0006495145173322629,0.0003727860561026855,0.0006422887910173564,0.00056907016058588,0.0005012899770443963,0.0075753431032726335,0.00056358654,0.000513916,0.0005246372376277149
2022-03-09,0.0005534461498804442,0.00040224086146853865,0.0006812743461324429,0.0003727860561026855,0.0005722459537369345,0.000597476902346672,0.0005113497826393413,0.007234214010488116,0.00057318,0.0005314581,0.0005008475787915466
2022-03-10,0.0005222983245518019,0.00040224086146853865,0.0006296122363092633,0.0003727860561026855,0.0006023083199111527,0.0005718281434243536,0.0005159314266095228,0.007247889709736051,0.0005730897,0.00052228913,0.0004325723133790485
2022-03-11,0.0005284992590683177,0.00040224086146853865,0.0005936144501641114,0.0003727860561026855,0.0005418922140732921,0.0005775741959045073,0.0005163696501070118,0.007281927057418428,0.0005727241,0.0005069083,0.00037331090318221984
2022-03-12,0.00045800214232172265,0.00040224086146853865,0.0006111998712378169,0.0003727860561026855,0.0005594430670780556,0.0005134343367597826,0.0004930471754245377,0.0074502875112529236,0.00048190475,0.0004904094,0.00039426620026026865
2022-03-13,0.0004297637803353973,0.00040224086146853865,0.0004875828663363197,0.0003727860561026855,0.0004555296839972408,0.00047016595122738065,0.0004526658845179684,0.007624557317610246,0.00048340356,0.00045228924,0.00038940877667580423
2022-03-14,0.0005509013012312097,0.00040224086146853865,0.0004968438086076591,0.0003727860561026855,0.0006490241868881256,0.0005973361774303967,0.0005059525180654954,0.0074529878828406134,0.00056703534,0.0004995737,0.00045819715257623374
2022-03-15,0.0004922500341450558,0.00040224086146853865,0.000681435981321085,0.0003727860561026855,0.0005683477103162066,0.0005389137764512826,0.0005057415087956126,0.007453113409957458,0.0005579868,0.0005183721,0.0005516359010994034
2022-03-16,0.000508364416555575,0.00040224086146853865,0.0006559278338463206,0.0003727860561026855,0.00046736818104964795,0.0005533683688738922,0.0005158013591496644,0.007480500366669733,0.0005661476,0.0005254377,0.0004974186325431351
2022-03-17,0.0005433630186922538,0.00040224086146853865,0.0006256747865514056,0.0003727860561026855,0.000531409273577072,0.0005929115440674007,0.0005203830235049605,0.007487580713720607,0.00055262225,0.00048055418,0.0004346867456366066
2022-03-18,0.0005483306434082728,0.00040224086146853865,0.0006514693558991682,0.0003727860561026855,0.0006059474180075588,0.0006005562514334302,0.0005208212489522379,0.007471999911641865,0.00055268884,0.00052035454,0.0004606007341578759
2022-03-19,0.00046352690854831885,0.00040224086146853865,0.000552918837627557,0.0003727860561026855,0.0005441522818497628,0.0005141610914999458,0.0004974986705010456,0.00763049521915877,0.00047216113,0.0004799221,0.00032867829238146577
2022-03-20,0.0004323538351149678,0.00040224086146853865,0.000570556345846111,0.0003727860561026855,0.0004131202038101869,0.00047035526661163543,0.00045711719992594363,0.007818959024586488,0.00048310106,0.00045450873,0.00041043757801259985
2022-03-21,0.0005132570183318873,0.00040224086146853865,0.0005481811860343968,0.0003727860561026855,0.0006110506710713349,0.0005610300754617769,0.0005104040705617617,0.007673124779742055,0.0005729857,0.00050184695,0.000473139074180379
2022-03-22,0.000538416874903416,0.00040224086146853865,0.0006756154212342186,0.0003727860561026855,0.00041590648101393735,0.0005631023980835374,0.0005101930603530352,0.007674615802418266,0.0005683665,0.00050028955,0.0005245759237980396
2022-03-23,0.0004971718916617452,0.00040224086146853865,0.0006297394051964643,0.0003727860561026855,0.0005505698411738464,0.0005422302758843427,0.0005202529554663928,0.007677318704405722,0.00057944795,0.0005403871,0.00040187324156441633
2022-03-24,0.0005138623316231949,0.00040224086146853865,0.0005835774349132596,0.0003727860561026855,0.0004910861350191889,0.0005598948443576135,0.0005248346402068946,0.007694795706433639,0.0005790943,0.00051330915,0.00032217615093374703
2022-03-25,0.0004901667048193581,0.00040224086146853865,0.0005751802470382809,0.0003727860561026855,0.0005527619360540475,0.0005334100008564446,0.000525272867603969,0.00770532077379733,0.00056496746,0.0004835713,0.0003303886622320663
2022-03-26,0.0004575337298648369,0.00040224086146853865,0.0005534981112523344,0.0003727860561026855,0.0004305712263765619,0.0005007075986679256,0.0005019501853835965,0.007869146518391532,0.00047303666,0.0004556608,0.00029823953742047504
2022-03-27,0.000412775172280242,0.00040224086146853865,0.00047640655351950515,0.0003727860561026855,0.0004312238381882053,0.000447684094588202,0.0004615685351391626,0.008044979492694114,0.00047025963,0.00048563423,0.0002598180272841995
2022-03-28,0.00048790928380023886,0.00040224086146853865,0.00044023977134883413,0.0003727860561026855,0.0005395060640084357,0.0005392231274042083,0.0005148556428643268,0.007889659370134626,0.00056362414,0.00048853346,0.00035076418465579737
2022-03-29,0.0005007536759637401,0.00040224086146853865,0.0005570442478538233,0.0003727860561026855,0.00041910541139635635,0.0005442226720102247,0.0005146446317167522,0.007888766319628501,0.0005468355,0.00048061993,0.00038729231895570204
2022-03-30,0.0005132296061039175,0.00040224086146853865,0.0005399466156391486,0.0003727860561026855,0.00047405366055410707,0.0005440044802460085,0.0005247045715896148,0.007910448120283523,0.00053707784,0.00048876664,0.00035680937006021146
2022-03-31,0.0005332087118945985,0.00040224086146853865,0.0005097028039883017,0.0003727860561026855,0.0005291159079419204,0.000566312391861678,0.0005292862767154129,0.007901989222142457,0.0005328494,0.0005030455,0.0003200596113418616
2022-04-01,0.0005723128161623778,0.00040224086146853865,0.0004144651930787382,0.0003727860561026855,0.0006468739712524743,0.0005630568908883752,0.000529724506062293,0.007964379188021245,0.0005312526,0.00048376762,0.00020769645277054718
2022-04-02,0.0005245135050909796,0.00040224086146853865,0.0004022411751667325,0.0003727860561026855,0.0006848361606871439,0.0005427972908710769,0.0005064017200722789,0.008109986828901896,0.00045920635,0.00047464107,0.00018213296969649698
2022-04-03,0.0004718396266037756,0.00040224086146853865,0.00040977687619186563,0.0003727860561026855,0.000600279097976337,0.0005092492883281875,0.0004660198901577135,0.008277051414125389,0.00046828552,0.00045416766,0.00031189662509828914
2022-04-04,0.0005542197838698114,0.00040224086146853865,0.0004028444147033323,0.0003727860561026855,0.0007069610864927589,0.0005515486042439628,0.0005193072349732786,0.00815390694981748,0.00057138473,0.0005198855,0.00038578169415324316
2022-04-05,0.000531096607744804,0.00040224086146853865,0.0004226878389715186,0.0003727860561026855,0.0005861995387426255,0.0005643501904460167,0.0005190962228868517,0.00814218887744073,0.0005733989,0.00053104985,0.00029786266473847897
2022-04-06,0.000518543250083519,0.00040224086146853865,0.0005798574577708941,0.0003727860561026855,0.0006231622182389506,0.0005548700644791931,0.0005291562075194186,0.008163230983802693,0.00058040017,0.0005098068,0.0003808501644444362
2022-04-07,0.0005054378005325986,0.00040224086146853865,0.0005406092438743127,0.0003727860561026855,0.000640406485899907,0.0005499470401108947,0.0005337379330306032,0.008180247993550481,0.0005725009,0.0004984392,0.00032759609917836657
2022-04-08,0.0004897608114788945,0.00040224086146853865,0.0005418361816527267,0.0003727860561026855,0.0006315990357484607,0.0005346561894361913,0.0005341761643272979,0.008208365975878274,0.00056458113,0.00049338123,0.0003158064118523467
2022-04-09,0.0004499651496002303,0.00040224086146853865,0.0005307022035545304,0.0003727860561026855,0.00048289145922842736,0.0005126528284070924,0.0005108532745671803,0.008004672430527899,0.00047346335,0.00045588292,0.00032196561759289345
2022-04-10,0.0004117349503662337,0.00040224086146853865,0.00046738134184789564,0.0003727860561026855,0.0003546414473872886,0.00044786679517905834,0.0004704712649816842,0.007802472407856163,0.0004698258,0.00042387252,0.0003472732249683721
2022-04-11,0.0004600831472187328,0.00040224086146853865,0.00047795440070256347,0.0003727860561026855,0.00035106617803675627,0.0005183592870317816,0.0005237588468887051,0.007276645269780495,0.000544913,0.00046096768,0.000417942297887495
2022-04-12,0.00046920324355588213,0.00040224086146853865,0.0006127079422797965,0.0003727860561026855,0.00013428723017882714,0.0005235296890916038,0.000523547833863422,0.007287253310842953,0.0005290232,0.00046005604,0.00046263084067931306
2022-04-13,0.0004571804167043384,0.00040224086146853865,0.0006153695613747126,0.0003727860561026855,0.0001261841971450118,0.0005185087256314127,0.000533607863255892,0.006942138849420584,0.0005166881,0.00045078126,0.00044775080282881565
2022-04-14,0.00037847999035602547,0.00040224086146853865,0.0005651483501632487,0.0003727860561026855,8.426490508440458e-05,0.0004401293431986967,0.0005381896091525545,0.006961273644259364,0.0005093436,0.0004513996,0.0003935418164415516
2022-04-15,0.00034019296284825535,0.00040224086146853865,0.0005822159373079803,0.0003727860561026855,-8.10181011608994e-05,0.0004187546264742368,0.0005386278423990721,0.006949825972939903,0.0005053347,0.00042494127,0.00040273702725289364
2022-04-16,0.00035186063302689345,0.00040224086146853865,0.0005557906553051877,0.0003727860561026855,-0.0001463773712080381,0.0004101799988456548,0.0005153048488683895,0.007187268786991672,0.00042539355,0.00039130056,0.00040100245866882354
2022-04-17,0.0003603128168035994,0.00040224086146853865,0.00048749131381830034,0.0003727860561026855,8.719291676637618e-07,0.00038751503449780664,0.000474922659611163,0.0072784655040408685,0.00046752617,0.0003787155,0.00036671399159201635
2022-04-18,0.00035968890808279184,0.00040224086146853865,0.00044907313881897837,0.0003727860561026855,0.0001265288735037227,0.0004187413662880249,0.0005282104786106948,0.007164977645636715,0.00046597345,0.00035508137,0.000344276858499672
2022-04-19,0.00046337886648673975,0.00040224086146853865,0.0005600542494718146,0.0003727860561026855,-0.00020864023540774555,0.0005189923318655598,0.000527999464646551,0.007176703966926414,0.0004520361,0.0004139161,0.0004175259604600059
2022-04-20,0.00047254777582632633,0.00040224086146853865,0.0005683479676215785,0.0003727860561026855,0.0001497233005651106,0.0005183528063226183,0.0005380595387991235,0.007162535153357178,0.00043783835,0.00043564406,0.00041830555979690046
2022-04-21,0.00047820423296097585,0.00040224086146853865,0.0005497300703421766,0.0003727860561026855,-9.672072904668371e-06,0.0004990404907929706,0.0005426413050813542,0.0071437951271506265,0.0004395193,0.0004456765,0.0003940284509646067
2022-04-22,0.00045760065738049375,0.00040224086146853865,0.0005426919817800999,0.0003727860561026855,-7.654683247375154e-05,0.00048816500612858287,0.0005430795402777036,0.007133164979985141,0.000455509,0.00046091696,0.00037928106409750544
2022-04-23,0.00045589733206884397,0.00040224086146853865,0.0005100133909133221,0.0003727860561026855,0.00011850613832782326,0.0004825672830074219,0.0005197564429759939,0.0076772333282911715,0.00035546764,0.0004509448,0.00033177116490775425
2022-04-24,0.0004130341456971137,0.00040224086146853865,0.00043908553762593273,0.0003727860561026855,0.0004521766793716031,0.0004457083810134367,0.0004793740740462381,0.008568702638087337,0.00037316067,0.000430861,0.00034191691938576776
2022-04-25,0.0004621902017475856,0.00040224086146853865,0.0004488074053150672,0.0003727860561026855,0.0004960127130306101,0.0004871681508311899,0.0005326621301393352,0.008370207595261319,0.0004873139,0.00043984898,0.00039667714077224435
2022-04-26,0.0004470400564788078,0.00040224086146853865,0.0005622418379116351,0.0003727860561026855,0.0002946361991451764,0.0004999612243346524,0.0005324511152363267,0.008078206772632457,0.00045497436,0.00047595942,0.00032366768664691606
2022-04-27,0.00047412686443226547,0.00040224086146853865,0.0005554530047313042,0.0003727860561026855,0.00047353433939118265,0.0005166282871467834,0.0005425112341492011,0.008472689580981223,0.00045724245,0.0004528133,0.00029722505630017175
2022-04-28,0.00047944595879637547,0.00040224086146853865,0.0005420488195278111,0.0003727860561026855,0.0007752086086904046,0.00050897542684879,0.0005470930208170906,0.00920765363223627,0.00045222862,0.0004335768,0.0003095025821936659
2022-04-29,0.0004503982147105235,0.00040224086146853865,0.0005713641927359178,0.0003727860561026855,0.0007466517260252851,0.0004911006637239157,0.0005475312579632806,0.009212881940648688,0.00045122654,0.00043844242,0.0003196843164425375
2022-04-30,0.0004164449642615082,0.00040224086146853865,0.0005374568650989807,0.0003727860561026855,0.000693233176399014,0.0004529222813679725,0.0005242080568900823,0.009390807644744075,0.00038705676,0.00042535353,0.00028567614786820364
2022-05-01,0.00037263533465040267,0.00040224086146853865,0.00045206870983687577,0.0003727860561026855,0.0007145576138383277,0.00041276235522898675,0.0004838255082869973,0.0094844847309054,0.00048005118,0.00040220458,0.00031262086519289747
2022-05-02,0.00044439068869134974,0.00040224086146853865,0.0004325272461925946,0.0003727860561026855,0.0007777018624071472,0.00047791320672644163,0.0005371138014747151,0.009390230713250847,0.0004479036,0.00040383797,0.00023055886286401265
2022-05-03,0.00043683533362444795,0.00040224086146853865,0.0005555416284160722,0.0003727860561026855,0.0006158632233954837,0.00048795823026829714,0.0005369027856328378,0.009387508357326654,0.0004398504,0.00043793325,0.00036283771457571844
2022-05-04,0.0004478782935551446,0.00040224086146853865,0.0005360579525928017,0.0003727860561026855,0.0006876005455032983,0.000498610604116419,0.0005469629493062128,0.009412310419690817,0.00043677696,0.0004534262,0.0002689787924138867
2022-05-05,0.0004443147039190828,0.00040224086146853865,0.0005224748723018619,0.0003727860561026855,0.0007594584311541536,0.0004950410202590966,0.0005515447563598519,0.009418676415156608,0.00045433242,0.0004227175,0.0002962015439863405
2022-05-06,0.00044650451612448155,0.00040224086146853865,0.0005170457594802626,0.0003727860561026855,0.0007168737083734968,0.0004955311755279632,0.0005519829954558909,0.009425425176617,0.0004552386,0.00041394876,0.0002712041586922339
2022-05-07,0.00039616123808369595,0.00040224086146853865,0.0004825151236965373,0.0003727860561026855,0.0005900998740403838,0.0004320651732059973,0.0005286596906107425,0.009221015288623534,0.0003716155,0.00040408797,0.00023349327452808758
2022-05-08,0.00037063191757992665,0.00040224086146853865,0.00041522279500035296,0.0003727860561026855,0.0005330032783849728,0.00040254122573475437,0.000488276962333529,0.009386112931981726,0.000375853,0.00039055626,0.00025318342639987546
2022-05-09,0.0004043325266764259,0.00040224086146853865,0.00044876432926111614,0.0003727860561026855,0.0006908771161457428,0.00045784131284108925,0.0005415654926169222,0.009242213702514292,0.00046612398,0.00039906122,0.00034436722178697213
2022-05-10,0.0003987999054839204,0.00040224086146853865,0.0005133798225172419,0.0003727860561026855,0.0004359084114834526,0.000446123522705273,0.0005413544758361718,0.009252685716348012,0.0004595631,0.00042474346,0.00031771706534517737
2022-05-11,0.00040307404892393365,0.00040224086146853865,0.0005210515971094319,0.0003727860561026855,0.0005524911716963943,0.00045641290784172525,0.0005514146842702468,0.00927929746444027,0.000481967,0.00043048,0.0002602630600812456
2022-05-12,0.00041378261173448546,0.00040224086146853865,0.000532393427959419,0.0003727860561026855,0.0005760602210858321,0.0004634273697069871,0.0005559965117097262,0.009286288917440889,0.0004739437,0.00041549775,0.0002836620365509882
2022-05-13,0.0004096871286925553,0.00040224086146853865,0.0005444303603794458,0.0003727860561026855,0.0005938891134790352,0.0004594175570321122,0.0005564347527556231,0.00929022390229469,0.00046712413,0.00040821134,0.00028107635256657674
2022-05-14,0.00041066066354904663,0.00040224086146853865,0.0005123159852176164,0.0003727860561026855,0.0005359727870441822,0.00043600128048264887,0.0005331113441380627,0.009448735147441038,0.00035719844,0.00039523814,0.00023632488838195957
2022-05-15,0.00037053375722362954,0.00040224086146853865,0.0004577744038791987,0.0003727860561026855,0.0006057289313832089,0.0004028408619893813,0.0004927284361859214,0.009594524052131246,0.00035665635,0.0003873947,0.00028256224497796314
2022-05-16,0.0003993593313468284,0.00040224086146853865,0.0004456226019819693,0.0003727860561026855,0.00048135901893716406,0.00042177077357307904,0.0005460172035660448,0.009454291304758411,0.0004597815,0.00038922543,0.0003037987305551294
2022-05-17,0.00041950783989719927,0.00040224086146853865,0.0005395952498646518,0.0003727860561026855,0.00022241167261367477,0.0004462239280554541,0.0005458061858464171,0.009462368503751555,0.00045742368,0.00041310044,0.0003464062496384272
2022-05-18,0.0004171200905661538,0.00040224086146853865,0.0005453162441447167,0.0003727860561026855,0.0003694857685856215,0.00044774638290885757,0.000555866439041391,0.00947861263747532,0.0004559604,0.0004245427,0.0003294064175989277
2022-05-19,0.00042085087876228805,0.00040224086146853865,0.0005426590636254501,0.0003727860561026855,0.0003732195709353663,0.00045790334710831253,0.0005604482868668015,0.009490653104292042,0.00045703974,0.00042419418,0.00032696080214401316
2022-05-20,0.00042556225525368976,0.00040224086146853865,0.0005290136054421768,0.0003727860561026855,0.0004679886670214282,0.0004633492252882194,0.0005608865298625651,0.009893175712825275,0.00045951948,0.00042933138,0.0003321036869595314
2022-05-21,0.00042176265595313437,0.00040224086146853865,0.0004958040863404184,0.0003727860561026855,0.0005015130227237668,0.00045084003112569446,0.000537563017472131,0.010030080230316537,0.00039027707,0.00041098107,0.00033536214360899467
2022-05-22,0.00038631400968971487,0.00040224086146853865,0.0004566087611515193,0.0003727860561026855,0.0005339855138584613,0.0004160222440736805,0.0004971799298442622,0.010173032861915655,0.00039340783,0.00038970917,0.0003516260935983099
2022-05-23,0.00040831146767312816,0.00040224086146853865,0.00041537003036508705,0.0003727860561026855,0.0006006239600790829,0.0004323039684037302,0.0005504689343221708,0.010029064044132336,0.0004721698,0.00041202302,0.000367744210385322
2022-05-24,0.00041035223590803074,0.00040224086146853865,0.000542049054916084,0.0003727860561026855,0.0003513547699465385,0.00044707912487293704,0.0005502579156636617,0.010047866881273088,0.0004672244,0.00040703814,0.000408410538293286
2022-05-25,0.00040847818531692054,0.00040224086146853865,0.0005464521102558668,0.0003727860561026855,0.0004620504263879077,0.0004414209072529234,0.0005603182136197339,0.010070353313911878,0.00046061815,0.00041389745,0.00038831693637129483
2022-05-26,0.0004116998434777813,0.00040224086146853865,0.0005312510886707623,0.0003727860561026855,0.00036819502811808586,0.0004480381198448017,0.0005649000818311663,0.009714533629413113,0.00045392913,0.0004134209,0.00035999888079636216
2022-05-27,0.00041738178917527974,0.00040224086146853865,0.0005153435491843795,0.0003727860561026855,0.00037788726888837476,0.00045541400246068195,0.0005653383267768049,0.009718375217350817,0.00044764407,0.00041405455,0.0003400138073306481
2022-05-28,0.0004140054362776309,0.00040224086146853865,0.0004772360708989477,0.0003727860561026855,0.0003944124161477755,0.0004520055891220265,0.0005420147106130353,0.009878535274533652,0.00038305932,0.00039340623,0.00029245869111050405
2022-05-29,0.00037077731460196474,0.00040224086146853865,0.0004390604477084951,0.0003727860561026855,0.000437934877517203,0.0004092295367594012,0.0005016314433086397,0.0100262830267031,0.00038075738,0.00038292853,0.0003421570661926998
2022-05-30,0.0004013994984363807,0.00040224086146853865,0.00041004225219499547,0.0003727860561026855,0.0004764194463016202,0.00041576594924082837,0.0005549206848853885,0.009884132012787539,0.0004438037,0.00039594396,0.0003682105088007204
2022-05-31,0.0004018606971490641,0.00040224086146853865,0.0004078781736558413,0.0003727860561026855,0.00023490260121521807,0.0004261703118599792,0.0005547096652879939,0.009895512717278555,0.00043955888,0.00039903383,0.0002785541283305768
2022-06-01,0.00041448724986615544,0.00040224086146853865,0.00043580818977567547,0.0003727860561026855,0.0002936477526830168,0.00043937556268123243,0.0005647700080053634,0.009533091757399243,0.00043666083,0.00040195783,0.00028157543919379846
2022-06-02,0.00042090177574297675,0.00040224086146853865,0.0004165463644137118,0.0003727860561026855,0.0004391433665588841,0.00045201882160981284,0.0005693518966029084,0.009905246585514147,0.00043492398,0.00040641119,0.00024939011753655205
2022-06-03,0.00043697188217508345,0.00040224086146853865,0.00043970904885660543,0.0003727860561026855,0.0005496991096727258,0.00046593454034993275,0.0005697901434984307,0.010275677266133683,0.00043598367,0.00041627383,0.0002628946683090877
2022-06-04,0.00042483328395602834,0.00040224086146853865,0.0004241981362249867,0.0003727860561026855,0.0005794236188891507,0.0004577687425432264,0.000546466423560864,0.010432883799261727,0.00037750002,0.0004083003,0.00023823401759851976
2022-06-05,0.00048699941082400476,0.00040224086146853865,0.00037785519995537086,0.0003727860561026855,0.0007600034655045723,0.0004791461480959814,0.0005060829765791424,0.011156799544291341,0.00038123952,0.00039331918,0.0002815240065091618
