date,actual,Naive,Seasonal Naive (7d),Rolling Mean (7d),Ridge Features,Random Forest Features,SARIMA,SARIMAX,LSTM v2 (dual-stream),N-BEATS v2 (covariate-conditioned),Hybrid v2 SeasonalNaive(7d)+ResidualLSTM
2021-08-16,0.2963959001496685,0.2852491447509087,0.2952750160359204,0.30421886358776984,0.2965406579788454,0.29659255077774754,0.31703860185090654,0.3009889753223751,0.32800397,0.28958082,0.308375381636334
2021-08-17,0.2961581141757536,0.2852491447509087,0.3081023358990806,0.30421886358776984,0.2948614970310139,0.2964210902784102,0.32509814384525115,0.30274639523981184,0.3230648,0.30748385,0.320161082039247
2021-08-18,0.2948153463758819,0.2852491447509087,0.3099734605516356,0.30421886358776984,0.2926731700692602,0.29482499766427606,0.32573272548388615,0.3044187381209438,0.3214921,0.30543807,0.31716554405990105
2021-08-19,0.2977824192858669,0.2852491447509087,0.3164012721830233,0.30421886358776984,0.2949986313391428,0.2978438381299027,0.3278317916265777,0.3080861448312491,0.318904,0.30306405,0.31999282155693287
2021-08-20,0.2958691736155655,0.2852491447509087,0.311955660679923,0.30421886358776984,0.2945206003704431,0.2956905457526624,0.3208620487451498,0.30345885694699665,0.31558844,0.30037028,0.31440510243892583
2021-08-21,0.2920423615565533,0.2852491447509087,0.3025751550138977,0.30421886358776984,0.29029149326316345,0.2921571640079081,0.29764706939737484,0.2960447363544981,0.26638517,0.2863036,0.30625092733217507
2021-08-22,0.2777653944836433,0.2852491447509087,0.2852491447509087,0.30421886358776984,0.2751299356654865,0.2779316459519086,0.2844594297557393,0.2844450105231306,0.26494458,0.27546945,0.2915410988038779
2021-08-23,0.3035843756681633,0.2852491447509087,0.30421886358776984,0.30421886358776984,0.3036499453698139,0.3035245157611613,0.3160524092473488,0.3084283883204161,0.3116995,0.2961684,0.31630772775679017
2021-08-24,0.3084424844986101,0.2852491447509087,0.30421886358776984,0.30421886358776984,0.30660707822077904,0.30846006417374844,0.32410982129712756,0.3167209560521879,0.3069384,0.30988717,0.3172463067036409
2021-08-25,0.3086804842847979,0.2852491447509087,0.30421886358776984,0.30421886358776984,0.30681414981138716,0.3085109231525335,0.3247424576232353,0.318644554531501,0.31196865,0.31268844,0.31660670511471595
2021-08-26,0.3099354821466751,0.2852491447509087,0.30421886358776984,0.30421886358776984,0.3073322313553746,0.3100696573754646,0.3268397470808011,0.32147325609722827,0.31741387,0.31590542,0.3132360059417309
2021-08-27,0.3090100491768227,0.2852491447509087,0.30421886358776984,0.30421886358776984,0.3083973244163659,0.30903945138439437,0.31986838152435726,0.3166798432892976,0.3217728,0.31338358,0.31022412866827515
2021-08-28,0.2894002298481932,0.2852491447509087,0.30421886358776984,0.30421886358776984,0.28658042968144065,0.2889960979199872,0.2966519201614696,0.2981704616032904,0.27751517,0.29902434,0.30657465746785123
2021-08-29,0.2735548963010476,0.2852491447509087,0.30421886358776984,0.30421886358776984,0.2712314077484493,0.2733813617188793,0.2834629269716662,0.2824463314948659,0.2799102,0.2830995,0.3072123972345683
2021-08-30,0.3045213545007483,0.2852491447509087,0.30421886358776984,0.30421886358776984,0.30267440012807173,0.3043744345155725,0.31505467024602885,0.3139180537476679,0.32367125,0.29984462,0.30830126420576165
2021-08-31,0.3133809065640367,0.2852491447509087,0.30421886358776984,0.30421886358776984,0.3116907271070306,0.3133937530111462,0.3231109532387724,0.3224634277630568,0.31321105,0.31090406,0.30540308581911646
2021-09-01,0.3303943767372247,0.2852491447509087,0.30421886358776984,0.30421886358776984,0.3290200378436382,0.33017210625183857,0.3237425583789846,0.3397665558333878,0.31412572,0.31889498,0.30252186301616046
2021-09-02,0.3370171584348941,0.2852491447509087,0.30421886358776984,0.30421886358776984,0.3353466858733688,0.337112886238886,0.32583890603793614,0.3468038534298721,0.3174966,0.3346307,0.3030378714537911
2021-09-03,0.3278247808424203,0.2852491447509087,0.30421886358776984,0.30421886358776984,0.3272351593246268,0.32777119036210484,0.31886668032171545,0.3363642584102073,0.32643825,0.33869356,0.3070562093887966
2021-09-04,0.3014563822963438,0.2852491447509087,0.30421886358776984,0.30421886358776984,0.29988179800539505,0.3014487800432454,0.2956494333611102,0.31081601827835265,0.2878827,0.31314918,0.3087402591418226
2021-09-05,0.2921536508445584,0.2852491447509087,0.30421886358776984,0.30421886358776984,0.29192994404672457,0.2921970270537199,0.2824597226723138,0.29962388941626733,0.29401204,0.2970049,0.31197078771912834
2021-09-06,0.3430039822535813,0.2852491447509087,0.30421886358776984,0.30421886358776984,0.34370073972577525,0.34306817535200584,0.3140508106433404,0.34654496069002333,0.33883324,0.32068208,0.3119584745376466
2021-09-07,0.3607747220440453,0.2852491447509087,0.30421886358776984,0.30421886358776984,0.36119974001057803,0.3606917667104575,0.3221064951370389,0.36256375678122926,0.3311299,0.34716105,0.3048917116271077
2021-09-08,0.3526678159076331,0.2852491447509087,0.30421886358776984,0.30421886358776984,0.35251066551155935,0.3528147349756556,0.3227375536584758,0.3570367435014777,0.34071547,0.35810134,0.30002055014890433
2021-09-09,0.35526817404319,0.2852491447509087,0.30421886358776984,0.30421886358776984,0.35405253373586476,0.3551784022831009,0.32483340208173445,0.3607942866907604,0.35202467,0.35379732,0.30115611911860507
2021-09-10,0.3388206115031003,0.2852491447509087,0.30421886358776984,0.30421886358776984,0.3389024445772557,0.3389213043093305,0.3178607204055498,0.34487017824573934,0.35733065,0.3554494,0.30394179926782633
2021-09-11,0.31016909878127,0.2852491447509087,0.30421886358776984,0.30421886358776984,0.30928253255690613,0.31011479357855093,0.29464305700939786,0.3185026381487097,0.31273672,0.32113898,0.30500794329685
2021-09-12,0.2995641971349155,0.2852491447509087,0.30421886358776984,0.30421886358776984,0.29897192551296836,0.29950291386415273,0.28145296598333874,0.30756659640823325,0.31353816,0.3126712,0.3057142740749418
2021-09-13,0.3485570878768441,0.2852491447509087,0.30421886358776984,0.30421886358776984,0.3483370782512851,0.34856176517471044,0.31304370658624436,0.35155946231757806,0.35613778,0.34146804,0.30411156293451636
2021-09-14,0.3497165116527688,0.2852491447509087,0.30421886358776984,0.30421886358776984,0.34962021371471785,0.34967400697253526,0.32109907382306757,0.3524220520758577,0.3427756,0.35271776,0.2982444608324872
2021-09-15,0.3537683344023946,0.2852491447509087,0.30421886358776984,0.30421886358776984,0.35219083812165974,0.35382544259136905,0.32172984258871284,0.3597358051319836,0.34523425,0.35139236,0.2968806484143799
2021-09-16,0.3519558210391276,0.2852491447509087,0.30421886358776984,0.30421886358776984,0.35067318705214473,0.3519370898504059,0.3238254263733606,0.3581311420751801,0.34868923,0.3574248,0.29967297128683823
2021-09-17,0.3345898813341885,0.2852491447509087,0.30421886358776984,0.30421886358776984,0.333566538691331,0.3345862999650024,0.3168525029984889,0.34361019524768943,0.35390562,0.34839836,0.30549283321884835
2021-09-18,0.3249669927303826,0.2852491447509087,0.30421886358776984,0.30421886358776984,0.3235371531262,0.3250332877749084,0.2936346188550502,0.3330904567275928,0.3100193,0.31036735,0.30921102658854194
2021-09-19,0.3091567243959803,0.2852491447509087,0.30421886358776984,0.30421886358776984,0.30816003661401753,0.30914473319660474,0.28044432621695425,0.3179466782545592,0.31131953,0.31954813,0.3124862134502903
2021-09-20,0.3391656243318366,0.2852491447509087,0.30421886358776984,0.30421886358776984,0.3373889124486613,0.33913464152349027,0.31203488268435364,0.34707035647543,0.3599033,0.35255593,0.3148864309866617
2021-09-21,0.339051368398546,0.2852491447509087,0.30421886358776984,0.30421886358776984,0.3382705818468704,0.33908256128829817,0.32009008174726633,0.34606058842944376,0.3511472,0.34849316,0.3120548755904401
2021-09-22,0.3381431205901218,0.2852491447509087,0.30421886358776984,0.30421886358776984,0.3369289471316041,0.3381490283101984,0.32072069691698235,0.347292421751394,0.35276428,0.3410205,0.30708937634931316
2021-09-23,0.3408558905281162,0.2852491447509087,0.30421886358776984,0.30421886358776984,0.33988312515114294,0.34080144538010987,0.32281614042000484,0.34996159338036426,0.35329443,0.34287363,0.30347230751108034
2021-09-24,0.3371337663031858,0.2852491447509087,0.30421886358776984,0.30421886358776984,0.3364891344136785,0.3372057078549166,0.3158430889236753,0.34706812423364897,0.3540047,0.33937436,0.3031113841488609
2021-09-25,0.3203668216805644,0.2852491447509087,0.30421886358776984,0.30421886358776984,0.3191402346746539,0.32044771335390626,0.29262508776485463,0.3295426182084913,0.30795032,0.31462473,0.30310819459766414
2021-09-26,0.303496391917896,0.2852491447509087,0.30421886358776984,0.30421886358776984,0.30251524177161465,0.30349116391403774,0.27943468825473383,0.3139002802562362,0.30930814,0.31321058,0.3063832243635757
2021-09-27,0.3464094772289929,0.2852491447509087,0.30421886358776984,0.30421886358776984,0.34482517527872397,0.3465397702659988,0.31102514711419915,0.35536184022276796,0.35579342,0.34738967,0.3118840551565317
2021-09-28,0.3432568687192644,0.2852491447509087,0.30421886358776984,0.30421886358776984,0.3416470836493213,0.34310912051779474,0.31908025703022047,0.35437754662584425,0.34750766,0.35791263,0.31282452773627384
2021-09-29,0.3441411161000641,0.2852491447509087,0.30421886358776984,0.30421886358776984,0.34210460682967725,0.344106779001556,0.31971079078065096,0.3569524089508361,0.3536571,0.35388127,0.31090887402161216
2021-09-30,0.3436482788112037,0.2852491447509087,0.30421886358776984,0.30421886358776984,0.34167745262004623,0.3435489050869094,0.32180615992213435,0.35711762743789477,0.35708898,0.3546906,0.30770948663524644
2021-10-01,0.3376225678853966,0.2852491447509087,0.30421886358776984,0.30421886358776984,0.33594887620251707,0.33759407144268866,0.3148330405102187,0.35222957560384294,0.3598511,0.3419894,0.30552834699214704
2021-10-02,0.3174690239469745,0.2852491447509087,0.30421886358776984,0.30421886358776984,0.3155902515175112,0.3176517970101439,0.2916149773230042,0.3317301844054444,0.3121573,0.3189022,0.3046162829840683
2021-10-03,0.3325949059225999,0.2852491447509087,0.30421886358776984,0.30421886358776984,0.330734775080753,0.3324113358436938,0.27842452116135663,0.34411029409552474,0.31244183,0.31512177,0.30483268046021095
2021-10-04,0.3450843355783621,0.2852491447509087,0.30421886358776984,0.30421886358776984,0.34512953300122395,0.3451297543312243,0.31001492828007415,0.35542737207864894,0.33299175,0.36513042,0.3099068923042962
2021-10-05,0.3555735380585845,0.2852491447509087,0.30421886358776984,0.30421886358776984,0.3543437332786501,0.35580362469298993,0.31806999094044075,0.3654921924681045,0.32778975,0.32331976,0.29595204921302903
2021-10-06,0.3456416639940132,0.2852491447509087,0.30421886358776984,0.30421886358776984,0.3441651430415672,0.3457106315848417,0.3187004815315241,0.3619225137666391,0.3616421,0.36399865,0.3373441072925304
2021-10-07,0.3516161000641437,0.2852491447509087,0.30421886358776984,0.30421886358776984,0.34953831038884836,0.3516324973091469,0.32079581125488366,0.3674835137035859,0.36519983,0.33940125,0.3283469993517776
2021-10-08,0.3463760289715629,0.2852491447509087,0.30421886358776984,0.30421886358776984,0.344043891375052,0.3464284955009425,0.31382265584176344,0.36311372710158774,0.36416575,0.34960827,0.3204269104523736
2021-10-09,0.3179892158434894,0.2852491447509087,0.30421886358776984,0.30421886358776984,0.31474112315048447,0.31792328640672807,0.29060455977407146,0.3368097783952809,0.31366858,0.32585475,0.31214479183149196
2021-10-10,0.2952867757109257,0.2852491447509087,0.30421886358776984,0.30421886358776984,0.2933743316049958,0.2952984180662057,0.2774140735821566,0.3109966667147638,0.3126352,0.3192133,0.3078995491068934
2021-10-11,0.3148336807782766,0.2852491447509087,0.30421886358776984,0.30421886358776984,0.3118786106100215,0.31477767352083985,0.30900445327374937,0.33489625107044235,0.35290277,0.33635876,0.3054135800820302
2021-10-12,0.3185419873850759,0.2852491447509087,0.30421886358776984,0.30421886358776984,0.31496102158553624,0.31855668043254554,0.3170594908844831,0.33948631180436967,0.33929867,0.32939714,0.2995025873933862
2021-10-13,0.3490589720974983,0.2852491447509087,0.30421886358776984,0.30421886358776984,0.34671841854315866,0.348980649939867,0.31768995859733506,0.3663892826958024,0.333821,0.3265614,0.29371933074894746
2021-10-14,0.3633388790891597,0.2852491447509087,0.30421886358776984,0.30421886358776984,0.3607176496346732,0.36340553913063434,0.31978526742563906,0.37960468536397796,0.33054167,0.35013765,0.2905593736019777
2021-10-15,0.3473936684840709,0.2852491447509087,0.30421886358776984,0.30421886358776984,0.3456508887152174,0.34740648875020713,0.31281209292872947,0.36453932567974673,0.33728635,0.3594772,0.2923227125439299
2021-10-16,0.3188496498824032,0.2852491447509087,0.30421886358776984,0.30421886358776984,0.31700943196014797,0.3189556261847625,0.28959397943150667,0.3371005465229984,0.3003674,0.3247504,0.29807629814040043
2021-10-17,0.3129627966645285,0.2852491447509087,0.30421886358776984,0.30421886358776984,0.3117023121891121,0.31301945565409667,0.2764034773209218,0.33035853525985265,0.30597332,0.3192511,0.30427351226602706
2021-10-18,0.3383693607013042,0.2852491447509087,0.30421886358776984,0.30421886358776984,0.3377511671734344,0.33836978780061683,0.307993842473738,0.3564751279245415,0.35476375,0.34437093,0.30937867541574166
2021-10-19,0.3402828201838785,0.2852491447509087,0.30421886358776984,0.30421886358776984,0.3392583052406369,0.34032191843651033,0.31604886680597394,0.3592570070815877,0.35170224,0.35040942,0.30452586984382735
2021-10-20,0.3414223326918964,0.2852491447509087,0.30421886358776984,0.30421886358776984,0.33953603615464045,0.3414791990574756,0.31667932239136093,0.36103395882328343,0.356075,0.34818992,0.2966337022416685
2021-10-21,0.3498301261492409,0.2852491447509087,0.30421886358776984,0.30421886358776984,0.34723751026483285,0.34986144230818994,0.31877462014345664,0.36858640433665135,0.35639736,0.34735563,0.292763927702566
2021-10-22,0.3496804308317297,0.2852491447509087,0.30421886358776984,0.30421886358776984,0.34747524798143686,0.3496769326646838,0.31180143553046846,0.36855596675978086,0.35506696,0.34774366,0.29351993942732413
2021-10-23,0.3221625775069489,0.2852491447509087,0.30421886358776984,0.30421886358776984,0.3196471197369416,0.32214720587605067,0.28858331279406885,0.34284093838677987,0.30856964,0.33033144,0.29735827979093526
2021-10-24,0.3118629730596535,0.2852491447509087,0.30421886358776984,0.30421886358776984,0.3104773791817035,0.31184437437110146,0.2753928022451957,0.3306392533310814,0.3123,0.320858,0.3028985050974427
2021-10-25,0.3531183851828094,0.2852491447509087,0.30421886358776984,0.30421886358776984,0.35215694630530864,0.35304925765077877,0.3069831596911879,0.37002997265429444,0.35761747,0.34982368,0.30791867891001534
2021-10-26,0.3559575449005772,0.2852491447509087,0.30421886358776984,0.30421886358776984,0.3553627370345232,0.3560623622954151,0.31503817698465786,0.37296909835958447,0.34866312,0.3637103,0.306416100460253
2021-10-27,0.3594648278811204,0.2852491447509087,0.30421886358776984,0.30421886358776984,0.35751484262700045,0.35949517332136643,0.31566862614142704,0.379208059831005,0.35367632,0.37200063,0.304794954947186
2021-10-28,0.3501931793884968,0.2852491447509087,0.30421886358776984,0.30421886358776984,0.34832292050006497,0.3502327457809777,0.3177639180221631,0.3708139418804289,0.35763624,0.37261757,0.3006606209046277
2021-10-29,0.3425887855462903,0.2852491447509087,0.30421886358776984,0.30421886358776984,0.34205419531458114,0.3424918462671082,0.3107907280467679,0.36135568647315586,0.36224234,0.35260844,0.2996177544655881
2021-10-30,0.31888565052384,0.2852491447509087,0.30421886358776984,0.30421886358776984,0.3174908767687947,0.3190046688599668,0.2875726004127959,0.3395739181869301,0.31367052,0.32216334,0.29752138083231955
2021-10-31,0.3087688154800085,0.2852491447509087,0.30421886358776984,0.30421886358776984,0.30776521173983645,0.30875426810459455,0.2743820853908914,0.3288766441153095,0.31410983,0.31971192,0.29764686043871
2021-11-01,0.3254084348941629,0.2852491447509087,0.30421886358776984,0.30421886358776984,0.3228404360857866,0.3252936176784093,0.3059724387515923,0.3450188910559652,0.32863238,0.3444322,0.2967124844172395
2021-11-02,0.3679558210391276,0.2852491447509087,0.30421886358776984,0.30421886358776984,0.36389501351249015,0.3676985667836252,0.3140274523139003,0.38591264463107533,0.34882247,0.33372656,0.3004602684109682
2021-11-03,0.3988203709642933,0.2852491447509087,0.30421886358776984,0.30421886358776984,0.39393260128565794,0.3983829688615108,0.31465789806293937,0.41447791608414564,0.34458676,0.3722719,0.3011863780932566
2021-11-04,0.4121695531323497,0.2852491447509087,0.30421886358776984,0.30421886358776984,0.40788886644926425,0.4122266226944474,0.3167531868313408,0.42558055079245516,0.3528895,0.39885426,0.30281090891557255
2021-11-05,0.4238851026298909,0.2852491447509087,0.30421886358776984,0.30421886358776984,0.4191171422121988,0.42371501468934347,0.30977999401340056,0.4349526151545755,0.36825532,0.4061354,0.30893985274676655
2021-11-06,0.3976635663887107,0.2852491447509087,0.30421886358776984,0.30421886358776984,0.394537456016159,0.3977391956159394,0.28656186378328663,0.40900991128034403,0.33384806,0.3935174,0.3162352659561971
2021-11-07,0.3934180029933718,0.2852491447509087,0.30421886358776984,0.30421886358776984,0.3908511523232108,0.39354920336106286,0.273371346390284,0.40325425929561076,0.35090122,0.3775741,0.3238885053091982
2021-11-08,0.4212997380799658,0.2852491447509087,0.30421886358776984,0.30421886358776984,0.4183453675233707,0.4213819074135732,0.304961697585423,0.4305596394047755,0.41009164,0.42436117,0.32775656435523687
2021-11-09,0.434366955313235,0.2852491447509087,0.30421886358776984,0.30421886358776984,0.4294078983311126,0.43435694758547716,0.31301670916988855,0.4415106205315773,0.41501382,0.42120457,0.3208225557465707
2021-11-10,0.4221244654693179,0.2852491447509087,0.30421886358776984,0.30421886358776984,0.4169912053255871,0.4223511310554185,0.31364715311253244,0.4314496734587383,0.42138344,0.42947343,0.31271652932394256
2021-11-11,0.4220410252298481,0.2852491447509087,0.30421886358776984,0.30421886358776984,0.4171876033256339,0.4217591814855713,0.3157424402311242,0.43016300081506964,0.42538732,0.41441342,0.31042882438058556
2021-11-12,0.4103942163780201,0.2852491447509087,0.30421886358776984,0.30421886358776984,0.40512938093033807,0.41029940383401603,0.3087692459063863,0.42013156502612137,0.42426407,0.4131564,0.3102680802661495
2021-11-13,0.3843821092580714,0.2852491447509087,0.30421886358776984,0.30421886358776984,0.3804363399048228,0.3842650921257268,0.28555111430008995,0.3946846426881984,0.37122563,0.37808743,0.30849148915659186
2021-11-14,0.374510129356425,0.2852491447509087,0.30421886358776984,0.30421886358776984,0.3719591084707899,0.37423651401222474,0.27236059565019777,0.382624973414477,0.3659882,0.37276182,0.3078959191000792
2021-11-15,0.4240842954885609,0.2852491447509087,0.30421886358776984,0.30421886358776984,0.4205461059967981,0.42399204512053695,0.30395094569739944,0.42704431212344274,0.4073565,0.40106162,0.31037774523203154
2021-11-16,0.4396998877485568,0.2852491447509087,0.30421886358776984,0.30421886358776984,0.4334461738396689,0.44014817225501784,0.3120059562334354,0.44349086358623735,0.39713332,0.43107936,0.3094814160930549
2021-11-17,0.4408276673081034,0.2852491447509087,0.30421886358776984,0.30421886358776984,0.43382211846865787,0.44082197859729744,0.31263639921853176,0.4478146174355302,0.39903304,0.44470832,0.3026292565361105
2021-11-18,0.4355868345093007,0.2852491447509087,0.30421886358776984,0.30421886358776984,0.4289338775813879,0.4355747138834305,0.31473168546257996,0.44335652234041634,0.40470654,0.43640468,0.2962383923462674
2021-11-19,0.4286560027795595,0.2852491447509087,0.30421886358776984,0.30421886358776984,0.4220065560521279,0.4287245640278752,0.3077584903391074,0.4378589305389449,0.41091982,0.42548403,0.29234023680476057
2021-11-20,0.3822481024160786,0.2852491447509087,0.30421886358776984,0.30421886358776984,0.3790298786476361,0.382120077228508,0.2845403580033139,0.3931818848702689,0.36657953,0.39332685,0.2898251556211682
2021-11-21,0.377901726534103,0.2852491447509087,0.30421886358776984,0.30421886358776984,0.3744847449981057,0.3780342219336405,0.27134983868716034,0.3882404056446779,0.3712346,0.3672225,0.2865477325499371
2021-11-22,0.4416513790891597,0.2852491447509087,0.30421886358776984,0.30421886358776984,0.4360871845179872,0.44141620215332117,0.30294018812585477,0.4432261466434668,0.4163294,0.4092802,0.2827361718878635
2021-11-23,0.4640916452854394,0.2852491447509087,0.30421886358776984,0.30421886358776984,0.45689277176782683,0.464436244128811,0.3109951981061313,0.46282387788379314,0.40952763,0.4501307,0.27645535569715796
2021-11-24,0.4453071146033782,0.2852491447509087,0.30421886358776984,0.30421886358776984,0.44110002445343965,0.4464007068310831,0.31162564058364356,0.44619632756033983,0.41596735,0.45197845,0.27427992517451855
2021-11-25,0.4848073551421851,0.2852491447509087,0.30421886358776984,0.30421886358776984,0.47534553192428725,0.4841626746234932,0.31372092636410714,0.48343667955652153,0.4228605,0.42859474,0.2786057422396558
2021-11-26,0.4650908702159503,0.2852491447509087,0.30421886358776984,0.30421886358776984,0.4588439859336837,0.4654525073904444,0.30674773081723533,0.46496441974419944,0.4252496,0.46444973,0.28592282847556943
2021-11-27,0.4553434894162925,0.2852491447509087,0.30421886358776984,0.30421886358776984,0.4495857533396249,0.45567248062186044,0.2835295980947445,0.45533314528457464,0.3848317,0.42307335,0.2959546580153377
2021-11-28,0.4337474075261919,0.2852491447509087,0.30421886358776984,0.30421886358776984,0.43073704664358714,0.43373469547142945,0.27033907842541405,0.43354568116146774,0.3900216,0.42735964,0.3024422730123609
2021-11-29,0.4903630532392559,0.2852491447509087,0.30421886358776984,0.30421886358776984,0.4808477529898638,0.4917203606114147,0.30192942754154634,0.4847030986405232,0.4420661,0.4651646,0.3098491234505725
2021-11-30,0.4709699861022022,0.2852491447509087,0.30421886358776984,0.30421886358776984,0.4629778823879948,0.47193522875187816,0.30998443722722174,0.46857450416880686,0.4398049,0.49755058,0.3111932034570205
2021-12-01,0.4797302490912978,0.2852491447509087,0.30421886358776984,0.30421886358776984,0.4719926454795422,0.47916131252586247,0.3106148794356701,0.4764984275239718,0.42466557,0.4638304,0.31010808068483847
2021-12-02,0.4916262828736368,0.2852491447509087,0.30421886358776984,0.30421886358776984,0.48260206012281115,0.4933865942112449,0.3127101649703933,0.4860024013303589,0.44553274,0.4738709,0.3182046519935466
2021-12-03,0.4672992837288861,0.2852491447509087,0.30421886358776984,0.30421886358776984,0.4606608134274527,0.4682274070714365,0.3057369691990828,0.4666195777378692,0.44548422,0.4750255,0.30792022800873486
2021-12-04,0.4077083333333333,0.2852491447509087,0.30421886358776984,0.30421886358776984,0.40612632068192833,0.4077717750361353,0.2825188362716085,0.410037056648363,0.39783457,0.4228715,0.2975003459770865
2021-12-05,0.3960422011973487,0.2852491447509087,0.30421886358776984,0.30421886358776984,0.39304509433017115,0.39663174164769643,0.2693283164150634,0.40153432075054796,0.39504752,0.39870304,0.292021926381602
2021-12-06,0.398939330767586,0.2852491447509087,0.30421886358776984,0.30421886358776984,0.3950626318840028,0.39909651269287283,0.3009186653602095,0.40590578301350116,0.4327781,0.45331052,0.28763088012337273
2021-12-07,0.421305243745991,0.2852491447509087,0.30421886358776984,0.30421886358776984,0.4159814094050893,0.421332910188325,0.3089736748897205,0.42754797557316115,0.41971442,0.42673177,0.27805153292319695
2021-12-08,0.41148599529613,0.2852491447509087,0.30421886358776984,0.30421886358776984,0.40765140060612237,0.41149282900923695,0.3096041169555414,0.41828382106334594,0.38561037,0.42216077,0.2687543174480304
2021-12-09,0.5096645018174043,0.2852491447509087,0.30421886358776984,0.30421886358776984,0.4959031185572194,0.5105139794877505,0.31169940236000065,0.5038062561920584,0.4063765,0.42662898,0.2724949275616737
2021-12-10,0.4629062165918324,0.2852491447509087,0.30421886358776984,0.30421886358776984,0.4577093384734444,0.46381052005340007,0.3047262064697181,0.4626650969065332,0.40043113,0.4841736,0.2691952872565745
2021-12-11,0.4248321840923669,0.2852491447509087,0.30421886358776984,0.30421886358776984,0.4197715624134164,0.42441267291019025,0.2815080734335847,0.4324878200174427,0.36578435,0.4250489,0.2807689705103763
2021-12-12,0.3826689116955313,0.2852491447509087,0.30421886358776984,0.30421886358776984,0.38043564741087804,0.3826957105762536,0.2683175534777994,0.39440580067384834,0.37384692,0.40289086,0.29570516959805543
2021-12-13,0.4467006628180457,0.2852491447509087,0.30421886358776984,0.30421886358776984,0.4407106998665959,0.44728604616977935,0.29990790233230796,0.4534150901417545,0.42554954,0.43806267,0.31615957545279677
2021-12-14,0.4655771060508873,0.2852491447509087,0.30421886358776984,0.30421886358776984,0.45892899728634,0.46730174307787903,0.3079629117790382,0.46879854030308044,0.41924492,0.4600022,0.3188675983827202
2021-12-15,0.4795265929014325,0.2852491447509087,0.30421886358776984,0.30421886358776984,0.47171044998245465,0.47909001650383015,0.30859335376925406,0.48308313620705007,0.4257816,0.46617407,0.3142279707195171
2021-12-16,0.4914518922386144,0.2852491447509087,0.30421886358776984,0.30421886358776984,0.4810907244196235,0.49358500541198397,0.31068863910466205,0.48704792052460166,0.43163458,0.48193032,0.30844560053279124
2021-12-17,0.4782534209963652,0.2852491447509087,0.30421886358776984,0.30421886358776984,0.4705883521190376,0.4784875029130458,0.30371544315131377,0.4775283031902642,0.43350986,0.4665068,0.30950234426014955
2021-12-18,0.4119891757536882,0.2852491447509087,0.30421886358776984,0.30421886358776984,0.4106850737986253,0.4120604876593764,0.28049731005758144,0.41753233814307394,0.38822713,0.4247376,0.3130005364110917
2021-12-19,0.39701713170836,0.2852491447509087,0.30421886358776984,0.30421886358776984,0.3952581868109197,0.39718311036573084,0.26730679004919017,0.40721495275718966,0.39076108,0.39640686,0.31574981469798413
2021-12-20,0.4743554361770365,0.2852491447509087,0.30421886358776984,0.30421886358776984,0.46759544323171076,0.4739009807972255,0.2988971388556528,0.4729710343436015,0.4334696,0.42742732,0.31480479074352896
2021-12-21,0.4516699273038272,0.2852491447509087,0.30421886358776984,0.30421886358776984,0.4477465907998177,0.45163072968222706,0.3069521482585019,0.4532585399701716,0.42465648,0.4827512,0.3086022738585324
2021-12-22,0.4390871819542441,0.2852491447509087,0.30421886358776984,0.30421886358776984,0.4344189441357729,0.4401343917747461,0.30758259020864054,0.44453208024732277,0.42995432,0.45772234,0.3044423982841165
2021-12-23,0.4173469638657259,0.2852491447509087,0.30421886358776984,0.30421886358776984,0.41309715507468625,0.4171751291549368,0.3096778755074453,0.42561262878488704,0.42606345,0.46302167,0.2966159626469804
2021-12-24,0.3828257697241822,0.2852491447509087,0.30421886358776984,0.30421886358776984,0.3812722053962738,0.3827716904227454,0.30270467952066676,0.39469892671617335,0.4198858,0.41564974,0.2933673564660832
2021-12-25,0.3306134006841992,0.2852491447509087,0.30421886358776984,0.30421886358776984,0.3302761315900862,0.3308322601186089,0.27948654639640197,0.3498254865221804,0.37685633,0.3581869,0.28786390528846706
2021-12-26,0.3409558210391276,0.2852491447509087,0.30421886358776984,0.30421886358776984,0.33992562795213777,0.340796019204094,0.266296026360125,0.3601254786865727,0.34979522,0.33740097,0.28568133090197695
2021-12-27,0.383939063502245,0.2852491447509087,0.30421886358776984,0.30421886358776984,0.3798256639902264,0.38395386908668067,0.29788637514111915,0.39921050025743177,0.38293687,0.38554072,0.27546765974996285
2021-12-28,0.3754024748770579,0.2852491447509087,0.30421886358776984,0.30421886358776984,0.37276688459194784,0.37579277694373425,0.3059413845207075,0.3933556218854043,0.3672902,0.3986816,0.2733051101071566
2021-12-29,0.3569529345734444,0.2852491447509087,0.30421886358776984,0.30421886358776984,0.3548674358008114,0.3569845094695699,0.3065718264496017,0.37997819333378213,0.36587948,0.3787112,0.28321943065589206
2021-12-30,0.3596263897797733,0.2852491447509087,0.30421886358776984,0.30421886358776984,0.356328084949194,0.3596080131618527,0.3086671117290035,0.385941970765972,0.36299196,0.36474782,0.2927155467524978
2021-12-31,0.3450792709001496,0.2852491447509087,0.30421886358776984,0.30421886358776984,0.34434019008561095,0.34509960748668317,0.301693915724504,0.3725269486189233,0.3600601,0.35511488,0.3028734816718966
2022-01-01,0.307905869146889,0.2852491447509087,0.30421886358776984,0.30421886358776984,0.31091524013761335,0.3078676282961716,0.27847578258405437,0.33166686721515737,0.31695262,0.32397154,0.30964202252432765
2022-01-02,0.3146003314090229,0.2852491447509087,0.30421886358776984,0.30421886358776984,0.31419719576308697,0.3146921169221027,0.26528526253299545,0.3414896849748248,0.3135577,0.3269177,0.31156764880669396
2022-01-03,0.3557380265127218,0.2852491447509087,0.30421886358776984,0.30421886358776984,0.3546714169743138,0.3559433247159515,0.29687561130048906,0.37305222962559403,0.35506862,0.36858094,0.30677843556429213
2022-01-04,0.3718786615351721,0.2852491447509087,0.30421886358776984,0.30421886358776984,0.371097480443938,0.37191573105602005,0.3049306206677471,0.3884654603665741,0.3495362,0.36829385,0.30558065696945413
2022-01-05,0.3892078522557194,0.2852491447509087,0.30421886358776984,0.30421886358776984,0.38827177275315405,0.38950337878973634,0.30556106258537985,0.4057884775639332,0.35729733,0.37630895,0.31302539833624476
2022-01-06,0.3764248449861022,0.2852491447509087,0.30421886358776984,0.30421886358776984,0.3756474869291803,0.3760934365213609,0.30765634785449647,0.3968871156855064,0.36833802,0.38474798,0.3189923301933514
2022-01-07,0.4342467126363052,0.2852491447509087,0.30421886358776984,0.30421886358776984,0.43027034414433474,0.4341888646269853,0.3006831518406033,0.446497245236529,0.3804252,0.36820287,0.32878276199613377
2022-01-08,0.3961220600812486,0.2852491447509087,0.30421886358776984,0.30421886358776984,0.39787293982215843,0.3965655880199125,0.27746501869157425,0.4093158954323336,0.33621278,0.37528864,0.3281692066685775
2022-01-09,0.4125688208253154,0.2852491447509087,0.30421886358776984,0.30421886358776984,0.41068802475997646,0.4126218301788868,0.26427449863267966,0.42364586400185283,0.35273007,0.37720484,0.3311122567159422
2022-01-10,0.4616535172118879,0.2852491447509087,0.30421886358776984,0.30421886358776984,0.4573115448973089,0.4633315269163098,0.2958648473930168,0.4670021297209638,0.40746674,0.4474071,0.3244170703208222
2022-01-11,0.4536791479580927,0.2852491447509087,0.30421886358776984,0.30421886358776984,0.45072030538170627,0.45361305265498714,0.3039198567537388,0.45900767285571964,0.4122317,0.4641297,0.313629268860433
2022-01-12,0.4774070451143895,0.2852491447509087,0.30421886358776984,0.30421886358776984,0.47189355932390753,0.4785750988740596,0.30455029866540195,0.4801275876668047,0.4239593,0.4391016,0.30164955861040044
2022-01-13,0.4872344986102202,0.2852491447509087,0.30421886358776984,0.30421886358776984,0.48189421703398905,0.48767631860503446,0.30664558392906643,0.48889587584346317,0.42800227,0.45286864,0.290045686202319
2022-01-14,0.4766710230917254,0.2852491447509087,0.30421886358776984,0.30421886358776984,0.4721060989304212,0.47876279797821686,0.29967238791019374,0.474947650100249,0.43402347,0.45476493,0.280925733558558
2022-01-15,0.4400596268975839,0.2852491447509087,0.30421886358776984,0.30421886358776984,0.4379092467381878,0.4404344052421399,0.27645425475661695,0.44335861152833833,0.38752836,0.409003,0.2742836132562215
2022-01-16,0.4213147049390635,0.2852491447509087,0.30421886358776984,0.30421886358776984,0.4203953968562164,0.42140517270863714,0.26326373469356873,0.4232828077432262,0.3876222,0.4194989,0.2715720745116811
2022-01-17,0.5187654212101774,0.2852491447509087,0.30421886358776984,0.30421886358776984,0.5085014418023843,0.5183908016451271,0.29485408345011227,0.5071157306339457,0.43007848,0.46478546,0.2659680617701358
2022-01-18,0.5396087769937994,0.2852491447509087,0.30421886358776984,0.30421886358776984,0.5281396508530382,0.5367193003250852,0.3029090928073695,0.526120084736097,0.42098475,0.5097169,0.26369557962544277
2022-01-19,0.5119580660679923,0.2852491447509087,0.30421886358776984,0.30421886358776984,0.5042738380590652,0.5110765013986647,0.3035395347158683,0.5015931694722215,0.43141708,0.5068719,0.2723103433791169
2022-01-20,0.4384934519991447,0.2852491447509087,0.30421886358776984,0.30421886358776984,0.4384909166288815,0.4376591233578536,0.3056348199766427,0.43683666474889365,0.43869296,0.47050354,0.28704732275973177
2022-01-21,0.4744735140047039,0.2852491447509087,0.30421886358776984,0.30421886358776984,0.46814200661377287,0.4741992685809122,0.29866162395513046,0.4687556953916576,0.44019815,0.40865862,0.30355557254604615
2022-01-22,0.43396111289288,0.2852491447509087,0.30421886358776984,0.30421886358776984,0.4323559557244622,0.43388235512620865,0.2754434907991429,0.43268903797524744,0.3829598,0.42465147,0.30748364676945716
2022-01-23,0.4221412497327346,0.2852491447509087,0.30421886358776984,0.30421886358776984,0.4198339138696495,0.4223599986347006,0.26225297073389287,0.42306586246568256,0.3851587,0.4193099,0.31198000270317106
2022-01-24,0.5186322428907418,0.2852491447509087,0.30421886358776984,0.30421886358776984,0.5054964025953561,0.5188316142506022,0.29384331948842557,0.5035985105170733,0.43116686,0.45834416,0.31649104081706153
2022-01-25,0.505536588625187,0.2852491447509087,0.30421886358776984,0.30421886358776984,0.49691458726667703,0.5049945115326616,0.3018983288438462,0.4895496319578019,0.4243752,0.5005513,0.32066445371331215
2022-01-26,0.5090621124652555,0.2852491447509087,0.30421886358776984,0.30421886358776984,0.4986469926032979,0.5104151732536231,0.30252877075066764,0.49766486592851716,0.43243483,0.4798848,0.32455625429591856
2022-01-27,0.5099163994013256,0.2852491447509087,0.30421886358776984,0.30421886358776984,0.5011683812078354,0.5103159114738878,0.30462405600991005,0.502387202394905,0.43507808,0.47356826,0.3229922074915099
2022-01-28,0.4825598407098567,0.2852491447509087,0.30421886358776984,0.30421886358776984,0.47513335955527314,0.48125719147216806,0.2976508599869986,0.47772313911182346,0.44177213,0.48309842,0.31920380370195495
2022-01-29,0.4467462850117596,0.2852491447509087,0.30421886358776984,0.30421886358776984,0.44253935639520803,0.4469412648951226,0.2744327268297331,0.4459038338695031,0.39845556,0.42974377,0.3117943992736893
2022-01-30,0.4317311845199914,0.2852491447509087,0.30421886358776984,0.30421886358776984,0.4280167976213062,0.43225031514229717,0.261242206763316,0.432734409494094,0.4002286,0.4179279,0.3090286658911944
2022-01-31,0.5315537470600812,0.2852491447509087,0.30421886358776984,0.30421886358776984,0.5160123227910478,0.5317199578811176,0.2928325555167826,0.5150303280994932,0.44659534,0.49249285,0.30479890273457155
2022-02-01,0.5012797199059226,0.2852491447509087,0.30421886358776984,0.30421886358776984,0.48984579324625294,0.5000445942564062,0.3008875648712297,0.4921868239489883,0.4407697,0.53906673,0.2989879146781983
2022-02-02,0.4810581302116741,0.2852491447509087,0.30421886358776984,0.30421886358776984,0.4722641305597113,0.479865883606235,0.3015180067771619,0.4746268858788129,0.4488612,0.4817145,0.2947199284568346
2022-02-03,0.4825473059653624,0.2852491447509087,0.30421886358776984,0.30421886358776984,0.4735669127630485,0.4812503274205687,0.30361329203559223,0.47720954396036197,0.44905186,0.44522893,0.28997763287306094
2022-02-04,0.4803527367970922,0.2852491447509087,0.30421886358776984,0.30421886358776984,0.4711850401299134,0.4798901725820362,0.29664009601193914,0.47695180177584184,0.44703025,0.4689561,0.29242770933279444
2022-02-05,0.4096975358135556,0.2852491447509087,0.30421886358776984,0.30421886358776984,0.40617867048434775,0.4094229389028969,0.2734219628539962,0.41659195674899807,0.39810303,0.44765428,0.2931597504840638
2022-02-06,0.4021624438742783,0.2852491447509087,0.30421886358776984,0.30421886358776984,0.39809818311674033,0.4024414445627705,0.2602314427869604,0.41031278774025565,0.39864445,0.39940816,0.29291366956194304
2022-02-07,0.4924221456061577,0.2852491447509087,0.30421886358776984,0.30421886358776984,0.4812989603357773,0.4931722321853626,0.2918217915398621,0.48053980184119544,0.43683776,0.48064533,0.2868611855632944
2022-02-08,0.4700597605302544,0.2852491447509087,0.30421886358776984,0.30421886358776984,0.4628184821753468,0.46991486272687716,0.29987680089379304,0.46628202573220406,0.4243295,0.51110697,0.2806485923588255
2022-02-09,0.433265822108189,0.2852491447509087,0.30421886358776984,0.30421886358776984,0.42888221849013275,0.4331158844560962,0.3005072427992539,0.4380315329123245,0.42949688,0.46583992,0.2753909173732956
2022-02-10,0.4333686658114175,0.2852491447509087,0.30421886358776984,0.30421886358776984,0.42722440678141094,0.4331951197308954,0.30260252805725374,0.4402215492883225,0.42856833,0.42559946,0.2696786112772871
2022-02-11,0.4314633846482787,0.2852491447509087,0.30421886358776984,0.30421886358776984,0.4256731396043122,0.4312904684449169,0.2956293320332074,0.43858578297412404,0.42286226,0.42486686,0.2723195883793943
2022-02-12,0.3914080874492195,0.2852491447509087,0.30421886358776984,0.30421886358776984,0.3887272527024875,0.39087989625243497,0.2724111988749054,0.40606186141253664,0.36749423,0.39286405,0.27008536518841836
2022-02-13,0.3636922974128714,0.2852491447509087,0.30421886358776984,0.30421886358776984,0.36142023585215555,0.36362399594446343,0.2592206788075416,0.3823123530481042,0.3673474,0.3895158,0.27193715544866526
2022-02-14,0.4523816014539233,0.2852491447509087,0.30421886358776984,0.30421886358776984,0.44407240640844536,0.4520544396114126,0.2908110275601437,0.45324455670005925,0.41090432,0.43147317,0.26830124718175463
2022-02-15,0.4459916345948257,0.2852491447509087,0.30421886358776984,0.30421886358776984,0.4401442522241937,0.4466013226187825,0.29886603691380115,0.4510592060564875,0.39677832,0.46231818,0.2667281694058723
2022-02-16,0.4326753795167842,0.2852491447509087,0.30421886358776984,0.30421886358776984,0.4283866691179113,0.43276754390747785,0.2994964788190122,0.44395112218467536,0.40445608,0.4295391,0.2751684266015156
2022-02-17,0.4075632349796878,0.2852491447509087,0.30421886358776984,0.30421886358776984,0.4047859392232108,0.40776450573685763,0.30159176407678384,0.423604335656398,0.40624985,0.41449538,0.2739242797756492
2022-02-18,0.4045653196493478,0.2852491447509087,0.30421886358776984,0.30421886358776984,0.40077692668064063,0.4041808341522816,0.2946185680525292,0.4213149748490685,0.4045383,0.3995738,0.28281400528940825
2022-02-19,0.3883150523840068,0.2852491447509087,0.30421886358776984,0.30421886358776984,0.3852384849812075,0.38814212579882207,0.27140043489403687,0.40691532460958846,0.3477465,0.37050968,0.28444778111200164
2022-02-20,0.3769146354500748,0.2852491447509087,0.30421886358776984,0.30421886358776984,0.37442322466037603,0.37692903051532456,0.2582099148264992,0.39821115322033085,0.34851474,0.3849969,0.29290867903666623
2022-02-21,0.4484960979260209,0.2852491447509087,0.30421886358776984,0.30421886358776984,0.44064264186776747,0.4480207975139752,0.28980026357894256,0.45625816113828166,0.39847916,0.44639915,0.29492930343911883
2022-02-22,0.4268628928800513,0.2852491447509087,0.30421886358776984,0.30421886358776984,0.42228862844078807,0.4270995934842106,0.297855272932455,0.4393119818667262,0.39144495,0.4574364,0.293865009976215
2022-02-23,0.4314427250374171,0.2852491447509087,0.30421886358776984,0.30421886358776984,0.42729171009038347,0.4312720941647698,0.2984857148375336,0.44472525572689153,0.401629,0.4106881,0.3039800063456596
2022-02-24,0.4478400416933931,0.2852491447509087,0.30421886358776984,0.30421886358776984,0.44156059755108035,0.44754440336559675,0.30058100009518435,0.4628749265737197,0.4018102,0.40733606,0.3064262593243707
2022-02-25,0.4191751389779773,0.2852491447509087,0.30421886358776984,0.30421886358776984,0.416869899480232,0.41905579619208067,0.29360780407081916,0.43561651611825897,0.40461594,0.42856893,0.3048216951708497
2022-02-26,0.3705159290143254,0.2852491447509087,0.30421886358776984,0.30421886358776984,0.3702880646612553,0.3705830535944558,0.27038967091222593,0.3915089613185829,0.3599681,0.37745658,0.29995524722027933
2022-02-27,0.3515617917468462,0.2852491447509087,0.30421886358776984,0.30421886358776984,0.3504751269842325,0.3516130444193575,0.25719915084459616,0.37659550146914306,0.35886553,0.36394075,0.2950848632278065
2022-02-28,0.4092399240966431,0.2852491447509087,0.30421886358776984,0.30421886358776984,0.4042423343097174,0.40932957900745154,0.2887894995969553,0.42556583645899737,0.39904374,0.41685146,0.2898688279375547
2022-03-01,0.4092257857601026,0.2852491447509087,0.30421886358776984,0.30421886358776984,0.4084325023295252,0.40916304510297524,0.2968445089503909,0.42682102837949853,0.38376093,0.4192209,0.2824617817412909
2022-03-02,0.4136037256788539,0.2852491447509087,0.30421886358776984,0.30421886358776984,0.41211837060337664,0.4131628941034476,0.29747495085539927,0.4328260521956854,0.38630155,0.3966547,0.28252998906688337
2022-03-03,0.4294258605943981,0.2852491447509087,0.30421886358776984,0.30421886358776984,0.42693368848536195,0.4293477108018769,0.2995702361129859,0.4453143219104315,0.38425678,0.38813382,0.2812918637587019
2022-03-04,0.4246666933932007,0.2852491447509087,0.30421886358776984,0.30421886358776984,0.42304870757217206,0.42428592709171775,0.29259704008856213,0.4423407806558498,0.38291222,0.40287107,0.28737907523580636
2022-03-05,0.395813822963438,0.2852491447509087,0.30421886358776984,0.30421886358776984,0.3958044393158101,0.39580468402149693,0.2693789069299154,0.41748282635732525,0.3375273,0.37965345,0.29805413963394795
2022-03-06,0.3754412818045756,0.2852491447509087,0.30421886358776984,0.30421886358776984,0.37602765070986455,0.3758017204423807,0.25618838686223677,0.4004468871727516,0.34538135,0.3797894,0.3048554242832395
2022-03-07,0.43392326812059,0.2852491447509087,0.30421886358776984,0.30421886358776984,0.43144359571037894,0.4334818558765201,0.2877787356145513,0.4484953775332054,0.39855006,0.43551612,0.3064889126677595
2022-03-08,0.4213444248449861,0.2852491447509087,0.30421886358776984,0.30421886358776984,0.4216302091230695,0.4213647112240525,0.2958337449679461,0.43751413810031814,0.39466977,0.4450722,0.3047706160222957
2022-03-09,0.4155672439598032,0.2852491447509087,0.30421886358776984,0.30421886358776984,0.41455617088179963,0.4167943668742507,0.2964641868729173,0.43648422512400353,0.40456343,0.41541526,0.30815905022228096
2022-03-10,0.3976337930297199,0.2852491447509087,0.30421886358776984,0.30421886358776984,0.39684017016098594,0.39772365089253375,0.2985594721304699,0.4214782461138184,0.40550938,0.4078855,0.3036638192448402
2022-03-11,0.3766750053453068,0.2852491447509087,0.30421886358776984,0.30421886358776984,0.3773544373101259,0.37663575971794205,0.2915862761060151,0.4022976634586779,0.40409967,0.38736835,0.3023320860250063
2022-03-12,0.3540468783408167,0.2852491447509087,0.30421886358776984,0.30421886358776984,0.35347419632673666,0.35406957426293895,0.26836814294734,0.38442127874126175,0.34933823,0.34716687,0.3044633564674458
2022-03-13,0.3386596108616634,0.2852491447509087,0.30421886358776984,0.30421886358776984,0.34045913226522573,0.3386934417557922,0.2551776228796355,0.36824611375916977,0.34327102,0.35341337,0.30794494735677325
2022-03-14,0.4028922252512293,0.2852491447509087,0.30421886358776984,0.30421886358776984,0.4029490960864538,0.40272611673503694,0.28676797163192647,0.42167123775315746,0.38529775,0.3920984,0.31224837394216615
2022-03-15,0.3713468569595894,0.2852491447509087,0.30421886358776984,0.30421886358776984,0.3730924404601118,0.3712058274207903,0.2948229809852997,0.39783345637832357,0.37649465,0.391794,0.31527437581161316
2022-03-16,0.3738687192644857,0.2852491447509087,0.30421886358776984,0.30421886358776984,0.37439803415331663,0.3738345906224525,0.29545342289025117,0.40292221664790695,0.38186887,0.37744242,0.31709224250647183
2022-03-17,0.409921170087663,0.2852491447509087,0.30421886358776984,0.30421886358776984,0.40809295427077213,0.4095195017327932,0.2975487081477857,0.436792234238054,0.37597024,0.372467,0.31632405397834157
2022-03-18,0.3942817110327132,0.2852491447509087,0.30421886358776984,0.30421886358776984,0.3939364691149932,0.3942606692922437,0.2905755121233145,0.42407374400801656,0.37394342,0.40011382,0.3157092875609692
2022-03-19,0.3418594451571519,0.2852491447509087,0.30421886358776984,0.30421886358776984,0.34250031149090604,0.3417709380021336,0.2673573789646244,0.3776180774765335,0.33191332,0.36867392,0.3090465395801482
2022-03-20,0.3261397797733589,0.2852491447509087,0.30421886358776984,0.30421886358776984,0.3272244634844656,0.326111354563023,0.2541668588969062,0.3629632757788871,0.33921677,0.33970514,0.30894001848858405
2022-03-21,0.3661594505024588,0.2852491447509087,0.30421886358776984,0.30421886358776984,0.36711304831095243,0.36633982756128664,0.28575720764918455,0.39532171846688524,0.38508886,0.38259244,0.30544921098389677
2022-03-22,0.3748975037417147,0.2852491447509087,0.30421886358776984,0.30421886358776984,0.3768412114493585,0.374593061459147,0.29381221700254634,0.4054127424749751,0.37424153,0.38036707,0.2978768180751268
2022-03-23,0.3549146621766089,0.2852491447509087,0.30421886358776984,0.30421886358776984,0.35754351971225895,0.3548474796084106,0.29444265890748733,0.39051043966981014,0.37770095,0.36941585,0.29149266969152704
2022-03-24,0.3632514966859098,0.2852491447509087,0.30421886358776984,0.30421886358776984,0.36399505600115595,0.3633762127389447,0.2965379441650124,0.3964088318117923,0.37762022,0.35555002,0.2809037042524199
2022-03-25,0.3479137534744494,0.2852491447509087,0.30421886358776984,0.30421886358776984,0.3500197434028915,0.34783107404803854,0.28956474814053246,0.3839803187661051,0.35516292,0.3344153,0.2953061063682673
2022-03-26,0.326195290784691,0.2852491447509087,0.30421886358776984,0.30421886358776984,0.32889379362498905,0.32625024642552103,0.2663466149818344,0.36543849338089385,0.2993953,0.32574186,0.2984072780246958
2022-03-27,0.3153436765020311,0.2852491447509087,0.30421886358776984,0.30421886358776984,0.316062582907401,0.3152850911184522,0.2531560949141089,0.35825805017071166,0.30241728,0.32438964,0.2988615463302509
2022-03-28,0.3440364015394483,0.2852491447509087,0.30421886358776984,0.30421886358776984,0.3462222270308184,0.34398470952821114,0.28474644366638063,0.3813515258227931,0.34810725,0.35740417,0.2988129683170769
2022-03-29,0.3540555377378661,0.2852491447509087,0.30421886358776984,0.30421886358776984,0.35560714495682405,0.35405123994363785,0.2928014530197363,0.39154115830799957,0.3412934,0.34960553,0.2968306557230154
2022-03-30,0.365570050245884,0.2852491447509087,0.30421886358776984,0.30421886358776984,0.36669832530443813,0.36547690508816916,0.29343189492467175,0.40504733295559414,0.3428857,0.3529586,0.2978061742143116
2022-03-31,0.3890541479580927,0.2852491447509087,0.30421886358776984,0.30421886358776984,0.38842646095123906,0.38849536709321125,0.29552718018219176,0.42548359542145275,0.3482645,0.37335452,0.3003450778478
2022-04-01,0.4080088865725892,0.2852491447509087,0.30421886358776984,0.30421886358776984,0.4069059613830309,0.40811484016570215,0.28855398415770717,0.4423049616914808,0.35528013,0.38184825,0.2990257520995763
2022-04-02,0.3856115565533461,0.2852491447509087,0.30421886358776984,0.30421886358776984,0.3849619816478221,0.3862478493398973,0.26533585099900486,0.4225722654018018,0.31794858,0.3660132,0.29946740314614195
2022-04-03,0.3716758338678639,0.2852491447509087,0.30421886358776984,0.30421886358776984,0.3733955491557234,0.37183391837468244,0.25214533093127556,0.4067321292778685,0.3324167,0.3661105,0.3041510081820296
2022-04-04,0.4297467660893735,0.2852491447509087,0.30421886358776984,0.30421886358776984,0.42842118672847973,0.4294562627268602,0.2837356796835438,0.4583063115750069,0.39123496,0.4124387,0.30553149494475773
2022-04-05,0.4260954671798161,0.2852491447509087,0.30421886358776984,0.30421886358776984,0.4250149006566998,0.4255959512117002,0.29179068903689626,0.4566259080708047,0.3929511,0.4344276,0.3025664841065732
2022-04-06,0.4231761278597391,0.2852491447509087,0.30421886358776984,0.30421886358776984,0.4217979563225441,0.4232642540860249,0.29242113094182876,0.4557788771176409,0.40607977,0.4165281,0.29538185690413693
2022-04-07,0.3927662230062005,0.2852491447509087,0.30421886358776984,0.30421886358776984,0.3921442026780296,0.3928236490487817,0.29451641619934604,0.43053451326430336,0.41171432,0.4194149,0.28586878098241764
2022-04-08,0.3714570771862305,0.2852491447509087,0.30421886358776984,0.30421886358776984,0.3699615355298609,0.3713608074181053,0.287543220174859,0.4123577208304406,0.41360182,0.3837367,0.28301470166471276
2022-04-09,0.3496129463331194,0.2852491447509087,0.30421886358776984,0.30421886358776984,0.34700064337468317,0.3495721577125104,0.2643250870161545,0.3935473127855788,0.35590902,0.34525028,0.28591433257610505
2022-04-10,0.3088854233483001,0.2852491447509087,0.30421886358776984,0.30421886358776984,0.30941562648524257,0.3090906615005891,0.25113456694842307,0.35382743441342246,0.3454419,0.34456253,0.28619049759568405
2022-04-11,0.3327104447295274,0.2852491447509087,0.30421886358776984,0.30421886358776984,0.3333009438535837,0.33246655366545336,0.28272491570068936,0.3734647812887741,0.3841876,0.35253337,0.28811044036926886
2022-04-12,0.3244538967286722,0.2852491447509087,0.30421886358776984,0.30421886358776984,0.3242111047024858,0.3244443557631718,0.2907799250540401,0.36971214950767123,0.3631109,0.34759203,0.28996318070859567
2022-04-13,0.3186202694034637,0.2852491447509087,0.30421886358776984,0.30421886358776984,0.31907257562661495,0.31874952311105126,0.29141036695897105,0.3653101688218002,0.35086727,0.33736092,0.297019895032053
2022-04-14,0.2826340602950609,0.2852491447509087,0.30421886358776984,0.30421886358776984,0.28071657486302154,0.28228928591563135,0.2935056522164869,0.34101916942650434,0.33808583,0.32925457,0.30158971863648476
2022-04-15,0.2735538005131494,0.2852491447509087,0.30421886358776984,0.30421886358776984,0.27122609046828955,0.2734038197897694,0.2865324561919986,0.33195451561944755,0.29912218,0.2936727,0.30761663337088513
2022-04-16,0.2764061096856959,0.2852491447509087,0.30421886358776984,0.30421886358776984,0.27344835251355815,0.2765077668221446,0.2633143230332929,0.3345239129683065,0.2713662,0.28099835,0.31005961621133465
2022-04-17,0.2662370376309599,0.2852491447509087,0.30421886358776984,0.30421886358776984,0.2653103320136544,0.2662524939601657,0.25012380296556036,0.3230165406258193,0.26546317,0.2623583,0.30762176582074974
2022-04-18,0.2770099689972204,0.2852491447509087,0.30421886358776984,0.30421886358776984,0.27590993433624766,0.276996168449084,0.2817141517178257,0.33749533642461627,0.30578563,0.27866617,0.3072253521761978
2022-04-19,0.3374216378020098,0.2852491447509087,0.30421886358776984,0.30421886358776984,0.33562432476653553,0.33752356514124116,0.28976916107117556,0.3918031856696864,0.30222455,0.28618333,0.31081553527728145
2022-04-20,0.3531882617062219,0.2852491447509087,0.30421886358776984,0.30421886358776984,0.3519558359521769,0.3530898328634635,0.2903996029761057,0.407611988694912,0.30419707,0.33030477,0.31186954948486556
2022-04-21,0.3630509675005345,0.2852491447509087,0.30421886358776984,0.30421886358776984,0.36295644939268207,0.3628867073403602,0.29249488823362074,0.417546969688806,0.324791,0.34615833,0.3193919298002025
2022-04-22,0.3286461941415437,0.2852491447509087,0.30421886358776984,0.30421886358776984,0.33020721591356655,0.328433093417626,0.28552169220913176,0.38632427802694774,0.34975395,0.36366135,0.3274716398153499
2022-04-23,0.3319899775497113,0.2852491447509087,0.30421886358776984,0.30421886358776984,0.3321228145240298,0.3320336068441003,0.26230355905042546,0.3857654327312493,0.32143256,0.326954,0.3281299428235259
2022-04-24,0.3301070932221509,0.2852491447509087,0.30421886358776984,0.30421886358776984,0.329935846683166,0.3301274941571721,0.2491130389826924,0.385021649776047,0.3264512,0.34492454,0.3251723623084751
2022-04-25,0.3485687673722471,0.2852491447509087,0.30421886358776984,0.30421886358776984,0.35102484411765683,0.3485536039844822,0.2807033877349572,0.3999394827486048,0.3553715,0.37550068,0.3211229999848341
2022-04-26,0.3467622407526191,0.2852491447509087,0.30421886358776984,0.30421886358776984,0.34683821916626273,0.3467877507500135,0.2887583970883066,0.4001913038905513,0.38164097,0.38624728,0.3178591573022093
2022-04-27,0.3583464026085097,0.2852491447509087,0.30421886358776984,0.30421886358776984,0.35834400318776055,0.3583179295465765,0.28938883899323625,0.40995204832317833,0.38094187,0.3589957,0.30597682950533844
2022-04-28,0.3666353966217661,0.2852491447509087,0.30421886358776984,0.30421886358776984,0.36671240960083573,0.3666769644895224,0.291484124250751,0.41727747870671,0.37523133,0.34789774,0.2987176139173356
2022-04-29,0.3526463545007483,0.2852491447509087,0.30421886358776984,0.30421886358776984,0.35360066734243756,0.352815509677277,0.28451092822626156,0.40697756623701226,0.37077639,0.346037,0.2993745381362975
2022-04-30,0.3240657205473594,0.2852491447509087,0.30421886358776984,0.30421886358776984,0.3240312812664466,0.32420077790683144,0.2612927950675549,0.37944660140681236,0.3205021,0.3334697,0.3016447768937126
2022-05-01,0.310360514218516,0.2852491447509087,0.30421886358776984,0.30421886358776984,0.311562097499901,0.31038517512685315,0.24810227499982154,0.36248829508878333,0.324198,0.3161141,0.3043797452669911
2022-05-02,0.3514794579858883,0.2852491447509087,0.30421886358776984,0.30421886358776984,0.35154732365857616,0.3515960738905746,0.27969262375208603,0.4048251188424494,0.3551762,0.30244985,0.3066503507444906
2022-05-03,0.3481375881975625,0.2852491447509087,0.30421886358776984,0.30421886358776984,0.3482050097883788,0.3481591143987494,0.28774763310543516,0.40284213112833556,0.33975276,0.35394076,0.305367077756736
2022-05-04,0.3526217928159076,0.2852491447509087,0.30421886358776984,0.30421886358776984,0.35185506297001223,0.35283577866298554,0.28837807501036455,0.4080559150364774,0.34191555,0.3450904,0.3015162786981576
2022-05-05,0.3468563101347017,0.2852491447509087,0.30421886358776984,0.30421886358776984,0.3456566665120793,0.3468965158971083,0.29047336026787907,0.4039797276452709,0.3417834,0.33495906,0.2983531659313868
2022-05-06,0.3381903459304397,0.2852491447509087,0.30421886358776984,0.30421886358776984,0.3367112427910969,0.3381541808955126,0.28350016424338953,0.39812767195692134,0.3435184,0.31908426,0.29877803203003206
2022-05-07,0.3176012356567599,0.2852491447509087,0.30421886358776984,0.30421886358776984,0.31478175335144115,0.3176939968852019,0.2602820310846827,0.37979350828180736,0.29716596,0.3104023,0.2997281476514243
2022-05-08,0.3002892799871712,0.2852491447509087,0.30421886358776984,0.30421886358776984,0.29899454465032294,0.3000491708301117,0.24709151101694915,0.3613966504582133,0.29969612,0.3165082,0.3029038780034481
2022-05-09,0.323988555698097,0.2852491447509087,0.30421886358776984,0.30421886358776984,0.32296288420544056,0.3240707539529483,0.27868185976921356,0.38391752978916155,0.34623927,0.33298293,0.3063646115248432
2022-05-10,0.3311266191825244,0.2852491447509087,0.30421886358776984,0.30421886358776984,0.3291436922961715,0.33116797358272687,0.2867368691225625,0.3927098644298774,0.33805332,0.33481684,0.30807859203151994
2022-05-11,0.3343330794312593,0.2852491447509087,0.30421886358776984,0.30421886358776984,0.3321804967781526,0.33436586128906337,0.28736731102749186,0.3967092525548094,0.33905417,0.33493552,0.3105934138356932
2022-05-12,0.3343969576295346,0.2852491447509087,0.30421886358776984,0.30421886358776984,0.3334487452775338,0.3343843618854988,0.28946259628500626,0.39562925297292134,0.34111255,0.33700067,0.3130314107185539
2022-05-13,0.3312327337680849,0.2852491447509087,0.30421886358776984,0.30421886358776984,0.3285518368744355,0.3313462638756014,0.28248940026051655,0.39605913763180534,0.34473,0.33343878,0.315994617972551
2022-05-14,0.3178682738222507,0.2852491447509087,0.30421886358776984,0.30421886358776984,0.316144309443248,0.3178915504910983,0.2592712671018096,0.3796914364703095,0.30145475,0.3197513,0.31962249363405415
2022-05-15,0.3103910546290356,0.2852491447509087,0.30421886358776984,0.30421886358776984,0.30873133163919586,0.3104356064903771,0.24608074703407595,0.37288770542632876,0.30560717,0.31919926,0.32700908963913405
2022-05-16,0.3288686978832584,0.2852491447509087,0.30421886358776984,0.30421886358776984,0.32867261852028895,0.3289720234450533,0.2776710957863403,0.3905690988295446,0.35487995,0.34592,0.3351925514219342
2022-05-17,0.3323293288076401,0.2852491447509087,0.30421886358776984,0.30421886358776984,0.329644402306608,0.33234074606986896,0.2857261051396892,0.3978604782620664,0.35095376,0.34119016,0.3323357602026799
2022-05-18,0.3346174631173829,0.2852491447509087,0.30421886358776984,0.30421886358776984,0.3330377210316208,0.33458272169048675,0.28635654704461855,0.39902623839682966,0.35217622,0.34828016,0.32187740975619866
2022-05-19,0.3374672582139548,0.2852491447509087,0.30421886358776984,0.30421886358776984,0.3355697716059824,0.33751003403800495,0.2884518323021329,0.40321232651134664,0.35366225,0.34769613,0.31341609943457077
2022-05-20,0.3322058597926021,0.2852491447509087,0.30421886358776984,0.30421886358776984,0.33146762423257503,0.332221793230385,0.28147863627764313,0.3963616778244597,0.35403043,0.33872026,0.30505899177664253
2022-05-21,0.308749149205331,0.2852491447509087,0.30421886358776984,0.30421886358776984,0.30755706826996515,0.3087284969469671,0.2582605031189361,0.37396856207835205,0.30800164,0.3198414,0.3066258098625431
2022-05-22,0.3067769697455633,0.2852491447509087,0.30421886358776984,0.30421886358776984,0.3057841763893827,0.3065814755085536,0.2450699830512025,0.3701873607616035,0.3089168,0.3119413,0.30615809346819867
2022-05-23,0.3292534771220868,0.2852491447509087,0.30421886358776984,0.30421886358776984,0.32864762208792087,0.32928919733263873,0.2766603318034668,0.3941958920753125,0.351288,0.33986455,0.3084540810978749
2022-05-24,0.3248126937673722,0.2852491447509087,0.30421886358776984,0.30421886358776984,0.32372563713360963,0.32482667177119057,0.2847153411568156,0.3917216168375556,0.3420141,0.34160927,0.3037071238623521
2022-05-25,0.3234201411161,0.2852491447509087,0.30421886358776984,0.30421886358776984,0.32171537798610317,0.32341129562270987,0.28534578306174485,0.3928098916820276,0.34062177,0.33504632,0.2965113730348644
2022-05-26,0.3271005666025229,0.2852491447509087,0.30421886358776984,0.30421886358776984,0.3255756711406857,0.32705076979483366,0.28744106831925914,0.39589211084542064,0.33799136,0.3295661,0.2907367773791807
2022-05-27,0.3231053747060081,0.2852491447509087,0.30421886358776984,0.30421886358776984,0.32145201587801336,0.32307976286901147,0.2804678722947693,0.3926237437086486,0.33658728,0.3284707,0.29060170171307265
2022-05-28,0.3083568482289216,0.2852491447509087,0.30421886358776984,0.30421886358776984,0.3070298551594195,0.30844682604989027,0.25724973913606236,0.37638291989554584,0.28908017,0.309898,0.2899666391008508
2022-05-29,0.2902544045328201,0.2852491447509087,0.30421886358776984,0.30421886358776984,0.289746723606113,0.29024880072230486,0.2440592190683287,0.35747961490974883,0.28977787,0.3068608,0.2908696866561781
2022-05-30,0.3165794847124225,0.2852491447509087,0.30421886358776984,0.30421886358776984,0.3160774558612282,0.31654990985231124,0.2756495678205929,0.3847119775116541,0.33451396,0.32379967,0.2950404000488892
2022-05-31,0.3209570504596963,0.2852491447509087,0.30421886358776984,0.30421886358776984,0.3206178759513105,0.3209062606996715,0.2837045771739419,0.389558753765424,0.32586873,0.32625043,0.29714961475785356
2022-06-01,0.3189735432733504,0.2852491447509087,0.30421886358776984,0.30421886358776984,0.31559548423170714,0.31903892082473234,0.2843350190788711,0.39154999208257274,0.3274949,0.3253691,0.2977573547662065
2022-06-02,0.3291423097534833,0.2852491447509087,0.30421886358776984,0.30421886358776984,0.32559304408866396,0.32902011632102246,0.2864303043363854,0.4005491417903736,0.3293907,0.32339934,0.297842033174309
2022-06-03,0.3235508156256707,0.2852491447509087,0.30421886358776984,0.30421886358776984,0.3202968527765269,0.32348474240619995,0.27945710831189563,0.3952027950650229,0.33063823,0.32782242,0.3001359279872758
2022-06-04,0.3010673118629364,0.2852491447509087,0.30421886358776984,0.30421886358776984,0.2964603213686344,0.30109844254026513,0.2562389751531886,0.3741134352982496,0.28721532,0.30956683,0.3010330212351827
2022-06-05,0.3024310344827586,0.2852491447509087,0.30421886358776984,0.30421886358776984,0.2980176003501713,0.3024450276466566,0.24304845508545492,0.37443695971156105,0.2907644,0.3037003,0.3070345846492996
