date,actual,Naive,Seasonal Naive (7d),Rolling Mean (7d),Ridge Features,Random Forest Features,SARIMA,SARIMAX,LSTM,N-BEATS simplified,Hybrid SeasonalNaive(7d)+ResidualNN
2021-08-13,0.1820415135929463,0.1909267389174626,0.1855011021307861,0.1844485366152338,0.1825722744921261,0.1821127495238482,0.18661068961699642,0.1790239365016455,0.18958542,0.19674453,0.18368148501582496
2021-08-14,0.1874111253979916,0.1909267389174626,0.1762472752877785,0.1844485366152338,0.18926553921251574,0.18735447047037923,0.1583497293598752,0.16261888864199256,0.17706151,0.17205952,0.1831729052053107
2021-08-15,0.1811884031349497,0.1909267389174626,0.1734291268674993,0.1844485366152338,0.18223060744205996,0.18120403441964855,0.15707381891475738,0.15684998881987033,0.18153104,0.17786984,0.1824685232876205
2021-08-16,0.1806123561107029,0.1909267389174626,0.1780554126867499,0.1844485366152338,0.18077879095587546,0.18067367732986064,0.18916290533704808,0.18196220898903542,0.20709658,0.19294702,0.18310679364143273
2021-08-17,0.1766856784227283,0.1909267389174626,0.1925245530247366,0.1844485366152338,0.1773343884688709,0.17670981602754768,0.19273355308723383,0.18170289823691407,0.2019503,0.19588886,0.17778868854936714
2021-08-18,0.1753952975753122,0.1909267389174626,0.1944555473916237,0.1844485366152338,0.17606137862170457,0.1755749232478568,0.19087138670356016,0.1853060264501159,0.19134814,0.18116334,0.17573039247021124
2021-08-19,0.1726086823414156,0.1909267389174626,0.1909267389174626,0.1844485366152338,0.1731397622842817,0.17255908039430237,0.18641392890596742,0.18211520834364256,0.18479608,0.17632031,0.17469975435697294
2021-08-20,0.1857580210629439,0.1909267389174626,0.1844485366152338,0.1844485366152338,0.18749340488281008,0.18566573265299946,0.1807215645244677,0.18297428726759818,0.17584218,0.17359023,0.18584359729604044
2021-08-21,0.1760497795738427,0.1909267389174626,0.1844485366152338,0.1844485366152338,0.17726891375957485,0.1760189709406534,0.15075057416397344,0.16157553531257085,0.16071992,0.17695558,0.17447843322471895
2021-08-22,0.1745880480039186,0.1909267389174626,0.1844485366152338,0.1844485366152338,0.17507741414576242,0.17453396639465008,0.14957061360801274,0.15357380812561452,0.16810697,0.17084776,0.179703548680406
2021-08-23,0.192468803575802,0.1909267389174626,0.1844485366152338,0.1844485366152338,0.19388635595579723,0.19249046744853973,0.18402596032685858,0.1813155896187302,0.18370599,0.17788586,0.19509064977930107
2021-08-24,0.1953171993632133,0.1909267389174626,0.1844485366152338,0.1844485366152338,0.19710193840627901,0.19536064252983926,0.18662609364892133,0.18767327959735344,0.18376067,0.19462274,0.20156628837750473
2021-08-25,0.1993876132745529,0.1909267389174626,0.1844485366152338,0.1844485366152338,0.2010202970535418,0.1993605278229729,0.1844184246334952,0.18445397343063763,0.18693721,0.19563788,0.20595177648530522
2021-08-26,0.2061257959833455,0.1909267389174626,0.1844485366152338,0.1844485366152338,0.20820014776015963,0.20616742676476113,0.17986923748403205,0.18697992156183976,0.19122976,0.19865169,0.2153206115023903
2021-08-27,0.1983108621111927,0.1909267389174626,0.1844485366152338,0.1844485366152338,0.1999081198894693,0.19823636799380032,0.17404905287448771,0.1797155186494347,0.19255199,0.20716421,0.19822115743474283
2021-08-28,0.1818014021552779,0.1909267389174626,0.1844485366152338,0.1844485366152338,0.18269808423180572,0.18178816293680852,0.14392328449726166,0.15151414419841602,0.1842786,0.19914155,0.19109694346727052
2021-08-29,0.1823341293166789,0.1909267389174626,0.1844485366152338,0.1844485366152338,0.18306644893760368,0.1821523654866214,0.14274754823594565,0.14825263891967852,0.19028302,0.18625961,0.19096752036304393
2021-08-30,0.2124757531227038,0.1909267389174626,0.1844485366152338,0.1844485366152338,0.2150024892588909,0.2125165300199009,0.17740617903316408,0.1815825344765101,0.2042688,0.19294271,0.20122279798553505
2021-08-31,0.222507072005878,0.1909267389174626,0.1844485366152338,0.1844485366152338,0.22548183392388121,0.22249271219878514,0.17991951126573894,0.18824952693440677,0.20212963,0.21227571,0.2092925534950308
2021-09-01,0.2447194771001714,0.1909267389174626,0.1844485366152338,0.1844485366152338,0.24615273083356198,0.2448748972376664,0.177680128290125,0.19748872411679272,0.20621665,0.2187242,0.22149942083225765
2021-09-02,0.2533700404114621,0.1909267389174626,0.1844485366152338,0.1844485366152338,0.25469986788761284,0.2534182903756159,0.17312178603798323,0.20079858810342724,0.21224906,0.23947233,0.2258569934772066
2021-09-03,0.2247440913543962,0.1909267389174626,0.1844485366152338,0.1844485366152338,0.22447550777568992,0.22471558654359455,0.16728961574617576,0.18079929729836847,0.21595131,0.24948686,0.21487026488349953
2021-09-04,0.2032125887827577,0.1909267389174626,0.1844485366152338,0.1844485366152338,0.20293351678993232,0.20319857042703832,0.13714974117064196,0.15319994563260705,0.20724475,0.2163195,0.20459408884809532
2021-09-05,0.2056538084741611,0.1909267389174626,0.1844485366152338,0.1844485366152338,0.20557399590218123,0.20556163519921,0.13597392789705792,0.1537552189533483,0.2160572,0.20691359,0.206982169430118
2021-09-06,0.2599862233651726,0.1909267389174626,0.1844485366152338,0.1844485366152338,0.26158235526368423,0.2598557017507314,0.17064995758608326,0.1911879807168163,0.24380665,0.22461243,0.21865724785194912
2021-09-07,0.2721074577516532,0.1909267389174626,0.1844485366152338,0.1844485366152338,0.27350089339361944,0.27210437291364764,0.17315548684940246,0.20430509922060855,0.24375378,0.2558082,0.22811567051277676
2021-09-08,0.2712246816066617,0.1909267389174626,0.1844485366152338,0.1844485366152338,0.27219588553989005,0.2711990899657591,0.17091316774887827,0.19885558061656675,0.25154093,0.27130762,0.2094514184998087
2021-09-09,0.2784912747979426,0.1909267389174626,0.1844485366152338,0.1844485366152338,0.27975315863552264,0.27830748220386053,0.16635390281230944,0.2010383897958153,0.2523958,0.26747677,0.20582242695556202
2021-09-10,0.2543938280675973,0.1909267389174626,0.1844485366152338,0.1844485366152338,0.25485840772863483,0.254344857409033,0.16052059703124447,0.18503966085360413,0.24377161,0.2594316,0.21575215471849957
2021-09-11,0.2116295309821209,0.1909267389174626,0.1844485366152338,0.1844485366152338,0.2113556976085976,0.21161544259806014,0.13037942679904194,0.14984122451386148,0.22491981,0.23323894,0.19539441833214083
2021-09-12,0.2117749510164094,0.1909267389174626,0.1844485366152338,0.1844485366152338,0.2120275419934553,0.21175125222817653,0.12920355892521954,0.14887099677389104,0.23414345,0.22010551,0.19020859351323166
2021-09-13,0.2729726304188097,0.1909267389174626,0.1844485366152338,0.1844485366152338,0.2748062460316402,0.2729755030372411,0.1638810706614418,0.19654572564460304,0.25503868,0.25843474,0.19412506291584292
2021-09-14,0.2787938096987509,0.1909267389174626,0.1844485366152338,0.1844485366152338,0.2801362247857015,0.27901122841064663,0.16638589432354248,0.20350943350336934,0.25707126,0.28071445,0.19115592691988864
2021-09-15,0.271651726671565,0.1909267389174626,0.1844485366152338,0.1844485366152338,0.27239447673054085,0.271726800323603,0.16414330083110482,0.19321155643530613,0.26711592,0.28232822,0.18568692718574026
2021-09-16,0.2781991795248592,0.1909267389174626,0.1844485366152338,0.1844485366152338,0.2792085426882026,0.27802789544000356,0.15958394206195348,0.19424938229831254,0.26694798,0.27745983,0.18258031354227283
2021-09-17,0.2429644562821454,0.1909267389174626,0.1844485366152338,0.1844485366152338,0.24328530512516075,0.2430164349170374,0.1537505275487056,0.1782187078563666,0.2558508,0.27134612,0.17965278694347658
2021-09-18,0.2126745040411461,0.1909267389174626,0.1844485366152338,0.1844485366152338,0.21284819822040063,0.21269773284747048,0.12360923727716319,0.14639726292263272,0.234418,0.21756455,0.18496021385246136
2021-09-19,0.2123367621846681,0.1909267389174626,0.1844485366152338,0.1844485366152338,0.21262221644747448,0.21233694976963954,0.12243335949359584,0.14596422843599957,0.2373985,0.21481515,0.1844871957279946
2021-09-20,0.273118479059515,0.1909267389174626,0.1844485366152338,0.1844485366152338,0.2748895039089248,0.27309590227757546,0.15711099669286516,0.19589185251095004,0.25803247,0.26441845,0.18370254700013616
2021-09-21,0.2644706404604457,0.1909267389174626,0.1844485366152338,0.1844485366152338,0.26549552545803556,0.26461400211971686,0.15961575611607612,0.19411189487716402,0.26310644,0.28209326,0.17513773975835362
2021-09-22,0.2686578802351211,0.1909267389174626,0.1844485366152338,0.1844485366152338,0.2696278067872552,0.2686618373084576,0.15737313672132236,0.1884077741443953,0.2731969,0.27387187,0.1822302813077084
2021-09-23,0.2689714058290472,0.1909267389174626,0.1844485366152338,0.1844485366152338,0.2699473056756168,0.2688979262209928,0.15281376833160382,0.1874157133565187,0.26965484,0.2671623,0.1761096102552227
2021-09-24,0.2554867744305657,0.1909267389174626,0.1844485366152338,0.1844485366152338,0.25623879517442727,0.255566435491216,0.1469803432916646,0.17692057274178039,0.2586755,0.26592693,0.1953896173642687
2021-09-25,0.2167918809698751,0.1909267389174626,0.1844485366152338,0.1844485366152338,0.21687282440383174,0.21666815786636703,0.11683904179333149,0.14283600552243392,0.23838241,0.22741675,0.18932326570094743
2021-09-26,0.218093803575802,0.1909267389174626,0.1844485366152338,0.1844485366152338,0.21857623457018316,0.21812853142812372,0.11566316259203584,0.1417607308104884,0.24431181,0.22336495,0.18848308142216125
2021-09-27,0.273669881214793,0.1909267389174626,0.1844485366152338,0.1844485366152338,0.2752100247741864,0.2737530635702766,0.15034081032671728,0.1894666309255207,0.2646993,0.2756145,0.18328302226902166
2021-09-28,0.2728718772961057,0.1909267389174626,0.1844485366152338,0.1844485366152338,0.27399346854627504,0.27295402734146773,0.15284556385660908,0.1912444076493266,0.26983082,0.2840242,0.19260267181263485
2021-09-29,0.2730616887092823,0.1909267389174626,0.1844485366152338,0.1844485366152338,0.2738952395723319,0.2730547287170493,0.15060294199068386,0.18398850271420109,0.27894768,0.27724454,0.18743153278657415
2021-09-30,0.2714214731814842,0.1909267389174626,0.1844485366152338,0.1844485366152338,0.2725449872430626,0.2714449598751929,0.14604357260736417,0.18674341082161983,0.2757466,0.2695065,0.1874920817924402
2021-10-01,0.2658881643399461,0.1909267389174626,0.1844485366152338,0.1844485366152338,0.2667320365273465,0.2656629327691242,0.14021014653707276,0.1746776577638863,0.26430196,0.2647046,0.19402970386610546
2021-10-02,0.2282295799657114,0.1909267389174626,0.1844485366152338,0.1844485366152338,0.22850781127847802,0.2281995012779017,0.11006884397807301,0.14165793725529155,0.24462494,0.22323024,0.1971219863177947
2021-10-03,0.2433291084986529,0.1909267389174626,0.1844485366152338,0.1844485366152338,0.24446992901949957,0.24330281793994735,0.10889296459362482,0.14406141326125327,0.24852632,0.22628553,0.2074264382378868
2021-10-04,0.2709050636786676,0.1909267389174626,0.1844485366152338,0.1844485366152338,0.2726791704409084,0.27078657535793743,0.14357061320349823,0.18105665076638605,0.26887754,0.30382264,0.18544310530589142
2021-10-05,0.2846842089150134,0.1909267389174626,0.1844485366152338,0.1844485366152338,0.2863081355525958,0.28485437421305737,0.14607536618810674,0.17912285330497613,0.263555,0.28182086,0.19805377548502007
2021-10-06,0.2799292799412196,0.1909267389174626,0.1844485366152338,0.1844485366152338,0.28045969897540046,0.27990424953960075,0.143832744083839,0.181002805047695,0.2708386,0.28466675,0.19096579415665188
2021-10-07,0.2878783370071026,0.1909267389174626,0.1844485366152338,0.1844485366152338,0.2888105303064218,0.2879785173446761,0.13927337459724173,0.1846330604009317,0.27116454,0.27506328,0.20050270682142296
2021-10-08,0.2700021430320842,0.1909267389174626,0.1844485366152338,0.1844485366152338,0.2707099917349433,0.2699584963627098,0.13343994842501183,0.17421476768015715,0.26324168,0.27723873,0.19032270288036385
2021-10-09,0.2285160115111437,0.1909267389174626,0.1844485366152338,0.1844485366152338,0.22888407758330337,0.22852439110100373,0.10329864576473446,0.1361000484935021,0.24800546,0.22382313,0.18815897511259833
2021-10-10,0.2025256857702669,0.1909267389174626,0.1844485366152338,0.1844485366152338,0.20162932420227758,0.20251553399170058,0.10212276635791458,0.12258615320754608,0.25148466,0.22869018,0.1457551905320696
2021-10-11,0.2184221160911094,0.1909267389174626,0.1844485366152338,0.1844485366152338,0.21844079741288935,0.2183834651470655,0.1368004150394319,0.1576972034114671,0.26676202,0.2569782,0.13296399651036778
2021-10-12,0.2333099436688708,0.1909267389174626,0.1844485366152338,0.1844485366152338,0.23443994500360543,0.23333640615814574,0.13930516797311493,0.16867473175596728,0.2610019,0.24088259,0.13301122201548138
2021-10-13,0.2818978692138133,0.1909267389174626,0.1844485366152338,0.1844485366152338,0.28351112335371464,0.28156892141994955,0.1370625458456053,0.18419295414741244,0.2555873,0.24982691,0.18598307332896807
2021-10-14,0.2885126132745529,0.1909267389174626,0.1844485366152338,0.1844485366152338,0.28939061108971875,0.2886625825819553,0.13250317634821318,0.1854847485776269,0.2556571,0.28082332,0.1897756486566476
2021-10-15,0.2765700465344109,0.1909267389174626,0.1844485366152338,0.1844485366152338,0.2771677280926278,0.2765149774311727,0.12666975016579377,0.16787905001025594,0.25985676,0.27847916,0.19206586725951352
2021-10-16,0.2359822434484447,0.1909267389174626,0.1844485366152338,0.1844485366152338,0.23632149229936872,0.2359649851435609,0.09652844749573977,0.13080929479890083,0.24941275,0.24120015,0.19346453914360323
2021-10-17,0.2342564290962527,0.1909267389174626,0.1844485366152338,0.1844485366152338,0.23460086741881456,0.23431632284813625,0.09535256808628077,0.13048822385493727,0.25497276,0.22997147,0.2154002805607132
2021-10-18,0.2798579475875581,0.1909267389174626,0.1844485366152338,0.1844485366152338,0.28061493536114024,0.2798423938000532,0.13003021677354334,0.16658342592770095,0.2753973,0.2814543,0.24138036755786457
2021-10-19,0.2707008021062943,0.1909267389174626,0.1844485366152338,0.1844485366152338,0.27114254511901664,0.2707356278041794,0.13253496970242237,0.16853253292940235,0.27971208,0.2907252,0.2233403251873068
2021-10-20,0.2726526144991427,0.1909267389174626,0.1844485366152338,0.1844485366152338,0.27333135374686085,0.27253057779972084,0.13029234757262165,0.16687873708775033,0.28243878,0.28671423,0.17764453742594638
2021-10-21,0.2867232427136909,0.1909267389174626,0.1844485366152338,0.1844485366152338,0.2874864667903332,0.2868372958357756,0.12573297807409586,0.1728355203833887,0.2755004,0.27480325,0.1846916712081264
2021-10-22,0.2892132929218711,0.1909267389174626,0.1844485366152338,0.1844485366152338,0.2899175688074257,0.2890849892532035,0.11989955189064803,0.1694722657048585,0.26535907,0.27129194,0.1964729615853838
2021-10-23,0.2435179096252755,0.1909267389174626,0.1844485366152338,0.1844485366152338,0.24397588601112455,0.2435274087490243,0.08975824921963986,0.13097361603118457,0.2527388,0.24818759,0.19350224653200426
2021-10-24,0.2472703281900563,0.1909267389174626,0.1844485366152338,0.1844485366152338,0.24822651338935225,0.24721067133554664,0.08858236980987672,0.1267099790618283,0.25924242,0.232784,0.19567767264262953
2021-10-25,0.3047062515307371,0.1909267389174626,0.1844485366152338,0.1844485366152338,0.3055121645065146,0.3044081692055463,0.1232600184975863,0.17634987416839312,0.27824286,0.29466972,0.21232504038081684
2021-10-26,0.3055851396032329,0.1909267389174626,0.1844485366152338,0.1844485366152338,0.30577923192104217,0.3053093547034116,0.12576477142600737,0.1747996052234479,0.28514686,0.324452,0.2181522847519926
2021-10-27,0.3099164217487141,0.1909267389174626,0.1844485366152338,0.1844485366152338,0.30972468728543423,0.30978539688285806,0.12352214929597839,0.17232800976600443,0.2900386,0.29372567,0.21780319152341404
2021-10-28,0.3012220793534165,0.1909267389174626,0.1844485366152338,0.1844485366152338,0.3010888775160922,0.3015097901120539,0.11896277979733308,0.16778911932439583,0.28793573,0.3163242,0.1973724189581088
2021-10-29,0.2994351273573352,0.1909267389174626,0.1844485366152338,0.1844485366152338,0.2994868328559816,0.2996541654743689,0.11312935361378054,0.15993014745683326,0.27978665,0.29906377,0.1930348986195139
2021-10-30,0.2388684484447709,0.1909267389174626,0.1844485366152338,0.1844485366152338,0.23882622507627732,0.23887671495804685,0.08298805094267821,0.11989556030608992,0.2636961,0.26671076,0.18495901972229772
2021-10-31,0.2290393093313739,0.1909267389174626,0.1844485366152338,0.1844485366152338,0.22928565603770037,0.2289259461400042,0.08181217153288058,0.11346295159630507,0.26660356,0.23416835,0.16799589073226967
2021-11-01,0.2473436198873377,0.1909267389174626,0.1844485366152338,0.1844485366152338,0.24812340331081614,0.24724180879235652,0.11648982022062335,0.14843329267184915,0.28119397,0.2849117,0.1232448296056799
2021-11-02,0.3203423340680871,0.1909267389174626,0.1844485366152338,0.1844485366152338,0.3210557178638407,0.32044457729016584,0.11899457314900026,0.1791520214161104,0.2755125,0.27815396,0.19725669840292254
2021-11-03,0.3296156318883174,0.1909267389174626,0.1844485366152338,0.1844485366152338,0.3284853068692631,0.32996500690297653,0.11675195101894835,0.18144455572752072,0.27177987,0.32057014,0.20160831896529713
2021-11-04,0.3418209343619887,0.1909267389174626,0.1844485366152338,0.1844485366152338,0.3398273419038853,0.3422888399317723,0.11219258152029035,0.1710836516636638,0.27753812,0.3285234,0.22258476180897274
2021-11-05,0.3287256000489836,0.1909267389174626,0.1844485366152338,0.1844485366152338,0.32711512723076863,0.3288374115225848,0.10635915533672706,0.16365323735610915,0.27422035,0.34060323,0.21434509953425446
2021-11-06,0.2731878520695566,0.1909267389174626,0.1844485366152338,0.1844485366152338,0.27292125926375577,0.2732230073009915,0.07621785266561536,0.12266686729209797,0.26778182,0.28250772,0.21999397141800442
2021-11-07,0.288693577026696,0.1909267389174626,0.1844485366152338,0.1844485366152338,0.2889381967293366,0.2889141097099701,0.07504197325581388,0.1256773008748078,0.27474377,0.25991508,0.24520593149529019
2021-11-08,0.3359577210384521,0.1909267389174626,0.1844485366152338,0.1844485366152338,0.334074430283374,0.3365773908648508,0.10971962194355893,0.16435721090260053,0.29047665,0.32399425,0.2661167943285517
2021-11-09,0.3354957139358314,0.1909267389174626,0.1844485366152338,0.1844485366152338,0.3334757581343256,0.33577486446075283,0.11222437487193154,0.16594680114122162,0.29443786,0.36616325,0.19576384605781355
2021-11-10,0.3481272961058045,0.1909267389174626,0.1844485366152338,0.1844485366152338,0.34535922731995883,0.3475455839586546,0.1099817527418773,0.16765267719910654,0.295017,0.3351521,0.19551816409395256
2021-11-11,0.344820077149155,0.1909267389174626,0.1844485366152338,0.1844485366152338,0.34204811694024617,0.34502692523197864,0.10542238324321797,0.1648695161297283,0.29180217,0.33259872,0.18514137448684492
2021-11-12,0.321268674993877,0.1909267389174626,0.1844485366152338,0.1844485366152338,0.31972935538676905,0.32095643596597245,0.09958895705965357,0.154787163315676,0.28582433,0.3180364,0.1807205950742326
2021-11-13,0.2573502326720548,0.1909267389174626,0.1844485366152338,0.1844485366152338,0.2573381616231738,0.25741285999757946,0.06944765438854092,0.1140908292110116,0.27506512,0.27686483,0.17936146598250785
2021-11-14,0.2705026634827333,0.1909267389174626,0.1844485366152338,0.1844485366152338,0.2711228123265533,0.27062294361802247,0.068271774978739,0.1148363680289386,0.2767521,0.25674894,0.16804896866844216
2021-11-15,0.3546523083517021,0.1909267389174626,0.1844485366152338,0.1844485366152338,0.35234215135323615,0.3543298892220534,0.10294942366648416,0.16883807774719306,0.2859716,0.3235474,0.20232003008888283
2021-11-16,0.3553852559392603,0.1909267389174626,0.1844485366152338,0.1844485366152338,0.3520119741566077,0.3544544291687448,0.10545417659485636,0.1669685890691958,0.2868553,0.36846468,0.20002254111633816
2021-11-17,0.3576216323781533,0.1909267389174626,0.1844485366152338,0.1844485366152338,0.3540020699163834,0.35626429992666814,0.10321155446480187,0.16563406796736016,0.29211095,0.35743892,0.19093900186882534
2021-11-18,0.349742958608866,0.1909267389174626,0.1844485366152338,0.1844485366152338,0.3464028712649835,0.3497689560026062,0.0986521849661424,0.1580015646082849,0.29155663,0.3563967,0.18709942618326464
2021-11-19,0.3328943791329904,0.1909267389174626,0.1844485366152338,0.1844485366152338,0.3305856362435752,0.3323017298837113,0.09281875878257789,0.14858014243390893,0.2863545,0.32809764,0.19347968244866648
2021-11-20,0.2706030798432525,0.1909267389174626,0.1844485366152338,0.1844485366152338,0.270183638445029,0.270657417926608,0.06267745611146514,0.10969878089247202,0.2776322,0.28222466,0.2005458177434019
2021-11-21,0.2865433504775899,0.1909267389174626,0.1844485366152338,0.1844485366152338,0.28693118009769936,0.28676270895651856,0.061501576701663195,0.11384284544088437,0.28139094,0.26687163,0.19917019842134037
2021-11-22,0.3765265123683566,0.1909267389174626,0.1844485366152338,0.1844485366152338,0.37204378192313925,0.378486840646681,0.09617922538940837,0.16762051838669337,0.293179,0.34760052,0.2025936582492403
2021-11-23,0.3883381398481508,0.1909267389174626,0.1844485366152338,0.1844485366152338,0.382394939897129,0.3897432028744588,0.09868397831778052,0.1710482470854079,0.29670605,0.37823296,0.21139952180848637
2021-11-24,0.3687949730590252,0.1909267389174626,0.1844485366152338,0.1844485366152338,0.36360553589840505,0.36895159945470957,0.096441356187726,0.15428944543214268,0.30235252,0.36606982,0.1894405527407042
2021-11-25,0.3750127357335292,0.1909267389174626,0.1844485366152338,0.1844485366152338,0.3698868800804418,0.37450432418547963,0.09188198668906651,0.15588677398766,0.2998476,0.350855,0.20526245808170357
2021-11-26,0.3670461364192995,0.1909267389174626,0.1844485366152338,0.1844485366152338,0.36248236277714435,0.36708931424665425,0.08604856050550198,0.14733605766596763,0.29346496,0.34343085,0.21118068149254837
2021-11-27,0.3041963629684056,0.1909267389174626,0.1844485366152338,0.1844485366152338,0.3029029828987348,0.30410430445031306,0.05590725783438922,0.10707193505754735,0.28707868,0.3025073,0.2161938623891882
2021-11-28,0.3225940791084986,0.1909267389174626,0.1844485366152338,0.1844485366152338,0.32150744572008666,0.3222873586711471,0.05473137842458726,0.11355727795244652,0.29100424,0.29558355,0.2165050917671732
2021-11-29,0.399957200587803,0.1909267389174626,0.1844485366152338,0.1844485366152338,0.39275419586916477,0.39373360084576603,0.08940902711233244,0.16344344676885442,0.30221668,0.3776856,0.20357486059830704
2021-11-30,0.3747200740876806,0.1909267389174626,0.1844485366152338,0.1844485366152338,0.36885489519359094,0.3746123786937428,0.09191378004070459,0.1542204716616568,0.30623254,0.40883055,0.16914483824686327
2021-12-01,0.4003653257408768,0.1909267389174626,0.1844485366152338,0.1844485366152338,0.39398578490273994,0.3938931901132487,0.08967115791065008,0.15648432171821006,0.30807108,0.355677,0.20932548692391434
2021-12-02,0.3976130296350721,0.1909267389174626,0.1844485366152338,0.1844485366152338,0.39075105495543366,0.3930665313375764,0.0851117884119906,0.15959300083800676,0.30462724,0.3714157,0.20459898574219265
2021-12-03,0.3813359662013225,0.1909267389174626,0.1844485366152338,0.1844485366152338,0.3759330026906488,0.38115459410499386,0.07927836222842607,0.14876580545121507,0.30039507,0.35919538,0.19539587026403465
2021-12-04,0.2825182157727161,0.1909267389174626,0.1844485366152338,0.1844485366152338,0.28175243804001676,0.28250505414674515,0.04913705955731332,0.09641959843525108,0.29136598,0.31189898,0.16630915565357723
2021-12-05,0.2649407298554984,0.1909267389174626,0.1844485366152338,0.1844485366152338,0.26513662694838175,0.2649422130434804,0.047961180147511356,0.09271495801794163,0.29024276,0.28736582,0.12750215096340695
2021-12-06,0.2703908890521675,0.1909267389174626,0.1844485366152338,0.1844485366152338,0.2693011351229789,0.2705299455460619,0.08263882883525653,0.12528945655543783,0.29239482,0.33940813,0.0695263856457285
2021-12-07,0.3076339395052657,0.1909267389174626,0.1844485366152338,0.1844485366152338,0.3073683819319891,0.3073403547261413,0.08514358176362868,0.14038466568898772,0.28470054,0.30576646,0.12172121940122166
2021-12-08,0.2996460323291697,0.1909267389174626,0.1844485366152338,0.1844485366152338,0.2991349427542269,0.2997757659628766,0.08290095963357416,0.13388384091637098,0.27760705,0.33288538,0.09055377183423557
2021-12-09,0.4116233161890766,0.1909267389174626,0.1844485366152338,0.1844485366152338,0.4046923041497257,0.419858144332562,0.07834159013491468,0.16522865361934108,0.27795097,0.31408393,0.18395161321561032
2021-12-10,0.3844280859662012,0.1909267389174626,0.1844485366152338,0.1844485366152338,0.37842490799956696,0.38378957929405827,0.07250816395135015,0.15176431689896222,0.27459118,0.3860949,0.18890566764340916
2021-12-11,0.2937801861376438,0.1909267389174626,0.1844485366152338,0.1844485366152338,0.2926852324230243,0.2937130043316065,0.042366861280237395,0.09357893550764829,0.2824665,0.30821604,0.20139476856158295
2021-12-12,0.2763455792309576,0.1909267389174626,0.1844485366152338,0.1844485366152338,0.27624299237230093,0.27632841635507505,0.04119098187043543,0.08859050421775123,0.28613436,0.2775434,0.19096191612945118
2021-12-13,0.3811192138133724,0.1909267389174626,0.1844485366152338,0.1844485366152338,0.37722276082284895,0.381663931346857,0.0758686305581806,0.1500601957398055,0.29289132,0.33078036,0.26425480483041325
2021-12-14,0.399946607886358,0.1909267389174626,0.1844485366152338,0.1844485366152338,0.393395289446239,0.3934949858160923,0.07837338348655276,0.15766272983264942,0.2957016,0.3879445,0.25681887952552357
2021-12-15,0.3982257837374479,0.1909267389174626,0.1844485366152338,0.1844485366152338,0.3912210288897549,0.3934421406472092,0.07613076135649824,0.1495121223064827,0.3045172,0.3793058,0.2615308576630167
2021-12-16,0.4002214976732794,0.1909267389174626,0.1844485366152338,0.1844485366152338,0.3928152840608067,0.3930062009901246,0.07157139185783876,0.14916428615406585,0.30625466,0.39505512,0.16763455619977036
2021-12-17,0.389027767572863,0.1909267389174626,0.1844485366152338,0.1844485366152338,0.3827021195665389,0.3898383195847146,0.06573796567427423,0.13845003925147753,0.30119884,0.3598344,0.18287710439355293
2021-12-18,0.3178237509184423,0.1909267389174626,0.1844485366152338,0.1844485366152338,0.3164130796905024,0.31763045226171216,0.03559666300316147,0.09569540529637348,0.29377222,0.3191265,0.20903885377512493
2021-12-19,0.307639664462405,0.1909267389174626,0.1844485366152338,0.1844485366152338,0.30716438709811195,0.3072297367006101,0.034420783593359504,0.09222497181466754,0.29462504,0.3005534,0.20953350713418045
2021-12-20,0.4154691097232427,0.1909267389174626,0.1844485366152338,0.1844485366152338,0.40788404162340314,0.4278163554946487,0.06909843228110468,0.15194574637791675,0.30137148,0.3685785,0.21297827003465214
2021-12-21,0.4057702057310801,0.1909267389174626,0.1844485366152338,0.1844485366152338,0.3981070741129412,0.39988969344700726,0.07160318520947684,0.15148590552611294,0.3029526,0.4143832,0.18624945091025152
2021-12-22,0.3854830394317903,0.1909267389174626,0.1844485366152338,0.1844485366152338,0.3796702230699731,0.3853504961805351,0.06936056307942232,0.1429336042854239,0.30884942,0.37771642,0.16414114100800076
2021-12-23,0.3728325067352436,0.1909267389174626,0.1844485366152338,0.1844485366152338,0.36788840569554937,0.3744814621477172,0.06480119358076283,0.1384708398730632,0.30488458,0.38171446,0.15283868847356358
2021-12-24,0.3132443668870928,0.1909267389174626,0.1844485366152338,0.1844485366152338,0.3112076584373322,0.3133845508739454,0.058967767397198306,0.11472343283385034,0.29677182,0.36331698,0.1079187059210352
2021-12-25,0.2613353232916973,0.1909267389174626,0.1844485366152338,0.1844485366152338,0.2623898479299661,0.2614586214847612,0.028826464726085545,0.07795608489107371,0.2830904,0.2900871,0.1327943765924982
2021-12-26,0.2697972691648297,0.1909267389174626,0.1844485366152338,0.1844485366152338,0.27068776670973177,0.2698672017557324,0.02765058531628358,0.08422929079980501,0.2787586,0.27346462,0.14598508564696827
2021-12-27,0.3107513776634827,0.1909267389174626,0.1844485366152338,0.1844485366152338,0.3094285286068854,0.3107415864510722,0.06232823400402876,0.12863503009425836,0.28206646,0.33815303,0.09069721786246815
2021-12-28,0.299376010286554,0.1909267389174626,0.1844485366152338,0.1844485366152338,0.298467784897215,0.29964456951054164,0.06483298693240092,0.12380679816543139,0.28112787,0.34979957,0.08268439410195866
2021-12-29,0.2909300759245652,0.1909267389174626,0.1844485366152338,0.1844485366152338,0.2904729292113188,0.29084591518564645,0.0625903648023464,0.12134921823543117,0.27970853,0.32123485,0.10347507534490147
2021-12-30,0.2886036921381337,0.1909267389174626,0.1844485366152338,0.1844485366152338,0.28841978766218734,0.28885333050046746,0.058030995303686904,0.11878274606819895,0.27474484,0.3069859,0.10373790202603855
2021-12-31,0.2777813188831741,0.1909267389174626,0.1844485366152338,0.1844485366152338,0.2780434398400235,0.27784246657791895,0.05219756912012238,0.10659251450662903,0.2675618,0.2852518,0.15167909873590985
2022-01-01,0.2425230529022776,0.1909267389174626,0.1844485366152338,0.1844485366152338,0.24402992965408618,0.24245603923085512,0.022056266449009616,0.06157321082636181,0.25766414,0.26417315,0.1693156735406927
2022-01-02,0.2472799718344354,0.1909267389174626,0.1844485366152338,0.1844485366152338,0.2484244988909589,0.24721925370449255,0.02088038703920765,0.06437618991869755,0.26302212,0.25221053,0.16133274709747353
2022-01-03,0.2992724099926524,0.1909267389174626,0.1844485366152338,0.1844485366152338,0.30015324293267076,0.2993836587552368,0.05555803572695283,0.11152266348931172,0.27422664,0.31819227,0.1640652456687502
2022-01-04,0.3050226549106049,0.1909267389174626,0.1844485366152338,0.1844485366152338,0.30552062536028346,0.3053868695960206,0.05806278865532498,0.11112487495356539,0.2756127,0.32425055,0.18833048608095565
2022-01-05,0.3120945077149155,0.1909267389174626,0.1844485366152338,0.1844485366152338,0.3120421976983285,0.3116301416153129,0.05582016652527046,0.10612052105081937,0.28013155,0.3192449,0.20182107960746803
2022-01-06,0.2869992652461425,0.1909267389174626,0.1844485366152338,0.1844485366152338,0.2874308183612244,0.28702222158208157,0.051260797026610974,0.09912169707012992,0.2823144,0.3120737,0.18590571825799712
2022-01-07,0.3101456649522409,0.1909267389174626,0.1844485366152338,0.1844485366152338,0.31102738228037297,0.3100039824288752,0.04542737084304645,0.10110852729121457,0.27823862,0.29005876,0.2101719306217245
2022-01-08,0.2737488672544697,0.1909267389174626,0.1844485366152338,0.1844485366152338,0.2749658704368473,0.27374411270988297,0.015286068171933686,0.06603321658713024,0.26640904,0.27401823,0.21754105402098217
2022-01-09,0.2975962221405828,0.1909267389174626,0.1844485366152338,0.1844485366152338,0.2988789595026846,0.29768429019891085,0.014110188762131722,0.07076786462364154,0.27506313,0.2689653,0.23022811127768078
2022-01-10,0.3782768491305412,0.1909267389174626,0.1844485366152338,0.1844485366152338,0.3751218917862683,0.38112527912069905,0.0487878374498769,0.12207528113070867,0.29051173,0.34159273,0.2509623580978922
2022-01-11,0.3631985060004898,0.1909267389174626,0.1844485366152338,0.1844485366152338,0.36025060080385035,0.3647749714060307,0.05129259037824905,0.11644140730912925,0.29723325,0.36534315,0.24207240728602925
2022-01-12,0.3650106539309331,0.1909267389174626,0.1844485366152338,0.1844485366152338,0.362109533644666,0.36845965757411103,0.049049968248194534,0.11054982707494829,0.30374402,0.3370783,0.23168554542527714
2022-01-13,0.3832526022532451,0.1909267389174626,0.1844485366152338,0.1844485366152338,0.3790760574203584,0.38601005848119196,0.044490598749535044,0.11277961619382747,0.30120984,0.33731392,0.26681781200633564
2022-01-14,0.3728983896644623,0.1909267389174626,0.1844485366152338,0.1844485366152338,0.36907687751960355,0.3774268799769818,0.03865717256597052,0.10133972415679565,0.29701126,0.3421428,0.23699074624047795
2022-01-15,0.3184824577516532,0.1909267389174626,0.1844485366152338,0.1844485366152338,0.31808253548421844,0.31780047366920605,0.008515869894857756,0.06722621045575503,0.29004285,0.3078677,0.22160835949645558
2022-01-16,0.2952165686994856,0.1909267389174626,0.1844485366152338,0.1844485366152338,0.2956341475130728,0.29512296688557654,0.007339990485055792,0.0589584925345195,0.29527202,0.29708108,0.1768746926815919
2022-01-17,0.3992365907421014,0.1909267389174626,0.1844485366152338,0.1844485366152338,0.39387146444612375,0.3944288095298319,0.04201763917280097,0.11747443768640406,0.30366826,0.34388652,0.19915134472713986
2022-01-18,0.405690576781778,0.1909267389174626,0.1844485366152338,0.1844485366152338,0.39898198286208564,0.39980995396090496,0.04452239210117312,0.11895545806282151,0.30070177,0.37965068,0.22307368753419438
2022-01-19,0.4179996938525593,0.1909267389174626,0.1844485366152338,0.1844485366152338,0.40994577114252884,0.4241618560763976,0.042279769971118604,0.11553823446313057,0.3051677,0.365622,0.2281884515093378
2022-01-20,0.3959163605192261,0.1909267389174626,0.1844485366152338,0.1844485366152338,0.38962868787294447,0.39462865884374826,0.037720400472459115,0.10596680321497612,0.30415457,0.39562532,0.1896343935647718
2022-01-21,0.3798817964731814,0.1909267389174626,0.1844485366152338,0.1844485366152338,0.3751084875757291,0.3805924615747527,0.03188697428889459,0.09659930557195753,0.300112,0.37444547,0.17696823425532499
2022-01-22,0.3089344538329659,0.1909267389174626,0.1844485366152338,0.1844485366152338,0.30862014476202904,0.3093103869177256,0.0017456716177818264,0.059078768612100575,0.2908798,0.32427067,0.1698465180949978
2022-01-23,0.3051501040901297,0.1909267389174626,0.1844485366152338,0.1844485366152338,0.3054871448908484,0.30531532567363895,0.0005697922079798618,0.05875814105004137,0.294532,0.29555395,0.1883192133525125
2022-01-24,0.3945195628214548,0.1909267389174626,0.1844485366152338,0.1844485366152338,0.3886233331418223,0.3935924576641622,0.03524744089572504,0.10937926034395415,0.304098,0.3656448,0.16677150515780964
2022-01-25,0.3939231876071516,0.1909267389174626,0.1844485366152338,0.1844485366152338,0.38785584399816997,0.39214547958994495,0.03775219382409719,0.11116776362066721,0.30399048,0.39594328,0.1650957727240137
2022-01-26,0.4014618846436443,0.1909267389174626,0.1844485366152338,0.1844485366152338,0.3944826479768536,0.39335922489132485,0.035509571694042674,0.10918419433370505,0.3059048,0.38979778,0.15666750086412945
2022-01-27,0.4029268919911828,0.1909267389174626,0.1844485366152338,0.1844485366152338,0.39592579077204615,0.39342561876272797,0.030950202195383185,0.10739345619043272,0.30428752,0.3817045,0.18416275309456692
2022-01-28,0.3873728569679157,0.1909267389174626,0.1844485366152338,0.1844485366152338,0.38186197361784346,0.3894506716352262,0.025116776011818658,0.09979883463986734,0.3017992,0.3709787,0.1800053125614039
2022-01-29,0.3047391623806024,0.1909267389174626,0.1844485366152338,0.1844485366152338,0.30407995030857154,0.30449845629280725,-0.005024526659294103,0.05087935333711268,0.29637858,0.3230066,0.17882315641210594
2022-01-30,0.2979406992407543,0.1909267389174626,0.1844485366152338,0.1844485366152338,0.2983560972389568,0.2978796456722348,-0.006200406069096068,0.05116993361526449,0.30096132,0.30451092,0.16842185718880215
2022-01-31,0.3984586088660298,0.1909267389174626,0.1844485366152338,0.1844485366152338,0.3926731705502057,0.3937357903737408,0.02847724261864911,0.11082312902449845,0.30808902,0.36318856,0.17369816930906096
2022-02-01,0.3987810739652216,0.1909267389174626,0.1844485366152338,0.1844485366152338,0.39134317694842746,0.3930172190978807,0.03098199554702126,0.11429776858244578,0.3073647,0.3996969,0.179138995371174
2022-02-02,0.3936638807249571,0.1909267389174626,0.1844485366152338,0.1844485366152338,0.3863576945569587,0.39185839168503506,0.028739373416966744,0.10602120397441753,0.31072092,0.3894927,0.17220034277008095
2022-02-03,0.3787267327945137,0.1909267389174626,0.1844485366152338,0.1844485366152338,0.37273172996161774,0.3796110643869282,0.024180003918307255,0.09899931831953052,0.3090542,0.3706717,0.1594055910961441
2022-02-04,0.3689180443301493,0.1909267389174626,0.1844485366152338,0.1844485366152338,0.3640404771148392,0.36895662475173213,0.018346577734742728,0.09346005771348204,0.305295,0.34931183,0.1639475264953188
2022-02-05,0.2919328312515307,0.1909267389174626,0.1844485366152338,0.1844485366152338,0.29098276563340675,0.2922185963361328,-0.011794724936370033,0.04904085980124584,0.2985556,0.31549248,0.17640023784653464
2022-02-06,0.2853444771001714,0.1909267389174626,0.1844485366152338,0.1844485366152338,0.285240947819253,0.2853176608983914,-0.012970604346171997,0.04774319781087573,0.30206406,0.29409158,0.1697237064497284
2022-02-07,0.4018370683321087,0.1909267389174626,0.1844485366152338,0.1844485366152338,0.3950382452073894,0.3941460068706864,0.02170704434157318,0.1098434017296063,0.3095326,0.36197987,0.17294052442477265
2022-02-08,0.3620358498652951,0.1909267389174626,0.1844485366152338,0.1844485366152338,0.35723364194582397,0.3618475785078107,0.02421179726994533,0.09966413539263747,0.31085017,0.39575416,0.1478829422401003
2022-02-09,0.3491909135439627,0.1909267389174626,0.1844485366152338,0.1844485366152338,0.34522972002979696,0.34956417251948035,0.021969175139890815,0.08392907155025155,0.31275517,0.36175078,0.14140606684551754
2022-02-10,0.3461306637276512,0.1909267389174626,0.1844485366152338,0.1844485366152338,0.342977936952349,0.34610450451428065,0.017409805641231325,0.08907104481156888,0.3043731,0.34324083,0.15161102650628605
2022-02-11,0.3456920156747489,0.1909267389174626,0.1844485366152338,0.1844485366152338,0.34282567444570794,0.3457586048080888,0.011576379457666798,0.08745971888705246,0.29720715,0.33177447,0.1627998669998459
2022-02-12,0.2766901175606172,0.1909267389174626,0.1844485366152338,0.1844485366152338,0.27634995920504984,0.2765447459195452,-0.018564923213445963,0.0439549982911194,0.28868973,0.2948958,0.17533899670408287
2022-02-13,0.2793123928483957,0.1909267389174626,0.1844485366152338,0.1844485366152338,0.2795047007939652,0.2793647314654913,-0.019740802623247927,0.04086034640037311,0.2914996,0.27624115,0.17865400774345913
2022-02-14,0.3798397012000979,0.1909267389174626,0.1844485366152338,0.1844485366152338,0.37470932884571273,0.38032739075206273,0.014936846064497251,0.09950070861265267,0.2984853,0.34885368,0.15677724046574154
2022-02-15,0.3638220364927749,0.1909267389174626,0.1844485366152338,0.1844485366152338,0.359432862136458,0.36406198986858185,0.0174415989928694,0.09538762967828032,0.29815188,0.379146,0.18081068656348803
2022-02-16,0.3522827271614009,0.1909267389174626,0.1844485366152338,0.1844485366152338,0.34886660168439687,0.3526854652869715,0.015198976862814883,0.08510496020253502,0.30233526,0.35315716,0.1826117424195371
2022-02-17,0.323947128337007,0.1909267389174626,0.1844485366152338,0.1844485366152338,0.32189297238213416,0.32429292351981626,0.010639607364155394,0.07425871003835238,0.29916313,0.34231526,0.16446363380120316
2022-02-18,0.3298866642174871,0.1909267389174626,0.1844485366152338,0.1844485366152338,0.3284063397869358,0.33040083279888566,0.004806181180590866,0.07772882893293133,0.2916881,0.31494105,0.16466139269934216
2022-02-19,0.2838630296350722,0.1909267389174626,0.1844485366152338,0.1844485366152338,0.28399957873701764,0.2838410259385056,-0.025335121490521896,0.042978272279636846,0.27956036,0.28489923,0.19471765322552242
2022-02-20,0.2755906808719078,0.1909267389174626,0.1844485366152338,0.1844485366152338,0.2758809084354097,0.2756228643697937,-0.02651100090032386,0.037141055902514285,0.28321177,0.27910107,0.180693530374553
2022-02-21,0.3520525042860641,0.1909267389174626,0.1844485366152338,0.1844485366152338,0.34917072466446597,0.35257562427850886,0.008166647787421318,0.08946408000074617,0.293161,0.3409931,0.15098804248438397
2022-02-22,0.3412693485182463,0.1909267389174626,0.1844485366152338,0.1844485366152338,0.3387481808133987,0.3419159169419555,0.010671400715793467,0.08688303418008589,0.29387984,0.3537426,0.16335731012688198
2022-02-23,0.3354336272348763,0.1909267389174626,0.1844485366152338,0.1844485366152338,0.3332071726380532,0.3358122818584917,0.00842877858573895,0.07745760458706696,0.29770303,0.3348299,0.16882816994504252
2022-02-24,0.3565350691893215,0.1909267389174626,0.1844485366152338,0.1844485366152338,0.35383480172574283,0.35424709086260514,0.0038694090870794607,0.08623241495270054,0.29345614,0.31965286,0.21342536447511234
2022-02-25,0.323441036002939,0.1909267389174626,0.1844485366152338,0.1844485366152338,0.32171842107409865,0.323452732825002,-0.0019640170964850675,0.06999335225509827,0.2891949,0.33104858,0.17779996538476267
2022-02-26,0.2679624969385255,0.1909267389174626,0.1844485366152338,0.1844485366152338,0.26808708831673345,0.267998682456705,-0.032105319767597826,0.02868276984074175,0.28210422,0.2780452,0.17059311097429314
2022-02-27,0.2595975691893215,0.1909267389174626,0.1844485366152338,0.1844485366152338,0.2601019235927093,0.25951893625776945,-0.033281199177399794,0.02911154809004024,0.28123385,0.26367897,0.16938164191262045
2022-02-28,0.3142294268919911,0.1909267389174626,0.1844485366152338,0.1844485366152338,0.31327840993205114,0.3146020062042104,0.001396449510345385,0.07165331360378019,0.28783482,0.32263395,0.14493599547014752
2022-03-01,0.3063408339456282,0.1909267389174626,0.1844485366152338,0.1844485366152338,0.3057893504629803,0.3067195853889724,0.003901202438717535,0.07473199284385094,0.28445366,0.323677,0.15038506327138462
2022-03-02,0.3510572801861376,0.1909267389174626,0.1844485366152338,0.1844485366152338,0.3491562630843539,0.35117543332508694,0.0016585803086630177,0.0851612412234235,0.28907636,0.31748778,0.19393062418268242
2022-03-03,0.3596543595395542,0.1909267389174626,0.1844485366152338,0.1844485366152338,0.356467486377366,0.3604291966102054,-0.0029007891899964717,0.08280477338778891,0.28939795,0.3329212,0.19101664110959687
2022-03-04,0.3377852069556698,0.1909267389174626,0.1844485366152338,0.1844485366152338,0.33558868860259916,0.3376806488027376,-0.008734215373561,0.06713460071612182,0.29131755,0.32582372,0.19707462670223036
2022-03-05,0.2729271369091354,0.1909267389174626,0.1844485366152338,0.1844485366152338,0.2730164103263748,0.2730101917856829,-0.03887551804467376,0.02997463415483733,0.28683695,0.28452235,0.1931771143706254
2022-03-06,0.2826967609600783,0.1909267389174626,0.1844485366152338,0.1844485366152338,0.283379498433337,0.28263052908230446,-0.04005139745447573,0.02985466129604345,0.28928152,0.26471704,0.20478031983540573
2022-03-07,0.3626211119275042,0.1909267389174626,0.1844485366152338,0.1844485366152338,0.3597372051546628,0.36199234225525034,-0.005373748766730552,0.07884859782707679,0.29683518,0.3365126,0.2285462172137312
2022-03-08,0.3418474161156012,0.1909267389174626,0.1844485366152338,0.1844485366152338,0.33933176332737414,0.3423237957120492,-0.002868995838358402,0.0727251110778956,0.30121937,0.35079393,0.2222355754481367
2022-03-09,0.355167860641685,0.1909267389174626,0.1844485366152338,0.1844485366152338,0.352339343372748,0.3543365804910254,-0.005111617968412919,0.0762971974602408,0.30654866,0.34372282,0.1840157095418516
2022-03-10,0.3360280431055596,0.1909267389174626,0.1844485366152338,0.1844485366152338,0.33377343410097443,0.3366737401383277,-0.009670987467072407,0.06981874097917648,0.3039278,0.3456738,0.1625225414888672
2022-03-11,0.3115296656869948,0.1909267389174626,0.1844485366152338,0.1844485366152338,0.3105224705355912,0.31114734550722883,-0.015504413650636935,0.05587820294799521,0.30077544,0.31116855,0.15794161533878365
2022-03-12,0.2520328190056331,0.1909267389174626,0.1844485366152338,0.1844485366152338,0.2523626082980859,0.252051459933141,-0.0456457163217497,0.021260602813374874,0.29013246,0.2720202,0.16567691055999317
2022-03-13,0.2564979488121479,0.1909267389174626,0.1844485366152338,0.1844485366152338,0.2574775343739683,0.2565174770561327,-0.04682159573155167,0.021849590024123573,0.28829065,0.25789854,0.15323894297645607
2022-03-14,0.3528957567964731,0.1909267389174626,0.1844485366152338,0.1844485366152338,0.3506398365919186,0.35300406291854636,-0.012143947043806488,0.07511584179266986,0.2920754,0.32412893,0.16731334863172093
2022-03-15,0.3204951934851824,0.1909267389174626,0.1844485366152338,0.1844485366152338,0.3191422775991938,0.32055717188623284,-0.00963919411543434,0.06831722812250068,0.2924091,0.3454974,0.16297048529551544
2022-03-16,0.3311843926034778,0.1909267389174626,0.1844485366152338,0.1844485366152338,0.32971069307877604,0.33120318531214527,-0.011881816245488857,0.06629883398050071,0.29901397,0.32531893,0.15589460371003666
2022-03-17,0.3429369030124907,0.1909267389174626,0.1844485366152338,0.1844485366152338,0.3408861516760545,0.3429625074172058,-0.016441185744148344,0.0667585023364553,0.2961959,0.32987604,0.19225174900085845
2022-03-18,0.3327627051187851,0.1909267389174626,0.1844485366152338,0.1844485366152338,0.33117706899619154,0.33220123399839796,-0.02227461192771287,0.061470724487837546,0.29425544,0.31637955,0.20564610524044552
2022-03-19,0.2478117499387704,0.1909267389174626,0.1844485366152338,0.1844485366152338,0.24738229000095985,0.247819880193335,-0.052415914598825636,0.010791588651151634,0.28980675,0.28074694,0.1883108957105986
2022-03-20,0.2479391072740631,0.1909267389174626,0.1844485366152338,0.1844485366152338,0.2485866629681292,0.24792740185311962,-0.053591794008627604,0.00832145558748505,0.2921969,0.25094768,0.17200378807203093
2022-03-21,0.3354074822434484,0.1909267389174626,0.1844485366152338,0.1844485366152338,0.3342302734301312,0.3357488107449835,-0.018914145320882425,0.06773642046183348,0.2951629,0.3232919,0.1585386434005312
2022-03-22,0.331929463629684,0.1909267389174626,0.1844485366152338,0.1844485366152338,0.3303777512937089,0.3317980204878576,-0.016409392392510276,0.06425931832955331,0.29468143,0.33418927,0.1895352971175424
2022-03-23,0.309380602498163,0.1909267389174626,0.1844485366152338,0.1844485366152338,0.3084524644597302,0.3096464637718439,-0.01865201452256479,0.05485406574060407,0.29871568,0.33198947,0.1624726524011902
2022-03-24,0.309866978937056,0.1909267389174626,0.1844485366152338,0.1844485366152338,0.3092725453052651,0.30989022620528256,-0.02321138402122428,0.05250016991142273,0.2977419,0.30975175,0.14480951813922444
2022-03-25,0.3001876989958363,0.1909267389174626,0.1844485366152338,0.1844485366152338,0.299937774588532,0.3002498195886827,-0.029044810204788808,0.04737543420268831,0.29009914,0.29803917,0.1489820556150488
2022-03-26,0.2392664707323046,0.1909267389174626,0.1844485366152338,0.1844485366152338,0.23932663750394642,0.23922358644233033,-0.05918611287590157,0.004018070235484504,0.27950504,0.24773681,0.18212290260882297
2022-03-27,0.2332556943423952,0.1909267389174626,0.1844485366152338,0.1844485366152338,0.23365058970386698,0.23326738776571096,-0.06036199228570354,0.0003334891209597207,0.2806731,0.244001,0.16757333477900543
2022-03-28,0.2979406686260102,0.1909267389174626,0.1844485366152338,0.1844485366152338,0.29824720063647303,0.2978525952500574,-0.025684343597958362,0.05397504680180033,0.28637272,0.3038741,0.1386424006329588
2022-03-29,0.3036111621356845,0.1909267389174626,0.1844485366152338,0.1844485366152338,0.30371069284778063,0.30288189367433815,-0.023179590669586213,0.059752033399168764,0.28322062,0.31271124,0.15752658260927715
2022-03-30,0.3322326720548616,0.1909267389174626,0.1844485366152338,0.1844485366152338,0.3313274997271256,0.33202980743203553,-0.025422212799640728,0.059621672130097864,0.2876456,0.30763146,0.19881946420238533
2022-03-31,0.3290078679892236,0.1909267389174626,0.1844485366152338,0.1844485366152338,0.32771295773070985,0.3288868098999573,-0.029981582298300218,0.0567204601805718,0.28963766,0.31773958,0.20363277954922238
2022-04-01,0.33342845334313,0.1909267389174626,0.1844485366152338,0.1844485366152338,0.3329640697273345,0.33305907725569284,-0.035815008481864745,0.04646258726488309,0.29206574,0.30699953,0.21470178676710644
2022-04-02,0.2820376561351946,0.1909267389174626,0.1844485366152338,0.1844485366152338,0.28288295563994204,0.2823453817137751,-0.06595631115297751,0.007584285957444075,0.28752536,0.272818,0.22778815416560688
2022-04-03,0.2684804984080333,0.1909267389174626,0.1844485366152338,0.1844485366152338,0.26950701255733034,0.268470381393681,-0.06713219056277947,-0.002640589594404103,0.29079637,0.2645849,0.21872837481961765
2022-04-04,0.3407785635562086,0.1909267389174626,0.1844485366152338,0.1844485366152338,0.34036912467932995,0.34109405994306197,-0.03245454187503429,0.04854522435438324,0.2969448,0.33160156,0.22160311056242504
2022-04-05,0.3318430688219446,0.1909267389174626,0.1844485366152338,0.1844485366152338,0.33104902490330546,0.33157357565846635,-0.029949788946662143,0.047571895733290175,0.29713657,0.3457085,0.21348746692703285
2022-04-06,0.3238586211119275,0.1909267389174626,0.1844485366152338,0.1844485366152338,0.3235228679956456,0.32408569749895016,-0.03219241107671666,0.04347128410566674,0.30172303,0.3303014,0.17389491213427105
2022-04-07,0.3023239958363948,0.1909267389174626,0.1844485366152338,0.1844485366152338,0.3027041682828408,0.3024156246819874,-0.03675178057537615,0.0367333775763373,0.2995251,0.31483325,0.1580764987872652
2022-04-08,0.2996372152828802,0.1909267389174626,0.1844485366152338,0.1844485366152338,0.3005469740761373,0.29980221531919143,-0.042585206758940675,0.03542236661718023,0.29338473,0.29226574,0.14656373126373806
2022-04-09,0.2442241305412686,0.1909267389174626,0.1844485366152338,0.1844485366152338,0.24570767688769782,0.24434117296857227,-0.07272650943005343,3.035565769178572e-05,0.28051543,0.25525308,0.15034906579123059
2022-04-10,0.2264787839823659,0.1909267389174626,0.1844485366152338,0.1844485366152338,0.22769715215247296,0.22643637278335177,-0.07390238883985539,-0.007853446193999865,0.27777046,0.24127334,0.13808333141670742
2022-04-11,0.2951128459466078,0.1909267389174626,0.1844485366152338,0.1844485366152338,0.29641066622891016,0.2951547488902773,-0.039224740152110214,0.0352453121294049,0.27909535,0.2936572,0.13314136875734844
2022-04-12,0.2878621111927504,0.1909267389174626,0.1844485366152338,0.1844485366152338,0.28919241036012155,0.28785125971883047,-0.036719987223738065,0.04397850044023879,0.27433148,0.30661926,0.14563688648806133
2022-04-13,0.2724977038941954,0.1909267389174626,0.1844485366152338,0.1844485366152338,0.2736087140608053,0.2723597000001791,-0.03896260935379258,0.029992506067670004,0.28158394,0.2990443,0.13590562356577435
2022-04-14,0.2137793289248101,0.1909267389174626,0.1844485366152338,0.1844485366152338,0.21361917894199425,0.21367495790652266,-0.04352197885245207,0.015475877799774449,0.28007272,0.27706856,0.09957034526334324
2022-04-15,0.1879849681606661,0.1909267389174626,0.1844485366152338,0.1844485366152338,0.18773820883681602,0.1881105397399682,-0.0493554050360166,-0.00023821494313450847,0.26913995,0.23778118,0.07571315405831852
2022-04-16,0.1775199608131275,0.1909267389174626,0.1844485366152338,0.1844485366152338,0.17748660109187472,0.17754552869944595,-0.07949670770712935,-0.017125507622625755,0.24151655,0.17366304,0.11586995808349171
2022-04-17,0.1782398971344599,0.1909267389174626,0.1844485366152338,0.1844485366152338,0.17837202804897817,0.17832638845164747,-0.08067258711693132,-0.023492014985667657,0.23079106,0.18700176,0.1374623516009859
2022-04-18,0.2041445934361988,0.1909267389174626,0.1844485366152338,0.1844485366152338,0.20444027889246622,0.20417022505843616,-0.04599493842918614,0.014135677802114673,0.24042751,0.26077116,0.09614866612420597
2022-04-19,0.2580943546411952,0.1909267389174626,0.1844485366152338,0.1844485366152338,0.2609302215001703,0.2580088862929131,-0.04349018550081399,0.03013192898925752,0.24064824,0.24927701,0.1571641528414301
2022-04-20,0.2629216262552045,0.1909267389174626,0.1844485366152338,0.1844485366152338,0.2647672080152631,0.26295857911640974,-0.045732807630868504,0.030857176883631512,0.24625304,0.27756786,0.17885636644379416
2022-04-21,0.261001010286554,0.1909267389174626,0.1844485366152338,0.1844485366152338,0.26237254301736035,0.2609612164870715,-0.05029217712952799,0.018611263736666755,0.25959775,0.26207203,0.22864076880679646
2022-04-22,0.2474202792064658,0.1909267389174626,0.1844485366152338,0.1844485366152338,0.2479459109159757,0.24737285156208016,-0.05612560331309252,0.005735604460949871,0.2616374,0.26287094,0.2459475213097147
2022-04-23,0.2309491489101151,0.1909267389174626,0.1844485366152338,0.1844485366152338,0.23190964527837668,0.23100995920965717,-0.08626690598420528,-0.018197968994126748,0.25228932,0.2343329,0.239105321596723
2022-04-24,0.2301696056820964,0.1909267389174626,0.1844485366152338,0.1844485366152338,0.23098968387813548,0.23022014617750836,-0.08744278539400724,-0.019903753505710116,0.25535426,0.22954635,0.23782263336644688
2022-04-25,0.2730804861621356,0.1909267389174626,0.1844485366152338,0.1844485366152338,0.27516810505349326,0.2731106735738116,-0.05276513670626206,0.013229518035857826,0.27075884,0.27332845,0.23702811090217152
2022-04-26,0.2648680504530981,0.1909267389174626,0.1844485366152338,0.1844485366152338,0.2664076432451569,0.26490733651802906,-0.05026038377788991,0.018591454352203038,0.27334818,0.30324972,0.18887064386100688
2022-04-27,0.2762221099681606,0.1909267389174626,0.1844485366152338,0.1844485366152338,0.27813848781005207,0.27618865874141296,-0.052503005907944426,0.022634335119478634,0.27641407,0.2779875,0.19644564123765745
2022-04-28,0.2124628030859661,0.1909267389174626,0.1844485366152338,0.1844485366152338,0.212363155700935,0.2124138036238757,-0.057062375406603916,0.001306743837793464,0.2736255,0.26333004,0.1443089769588522
2022-04-29,0.2179275961302963,0.1909267389174626,0.1844485366152338,0.1844485366152338,0.21960633791547796,0.2178911983103537,-0.06289580159016844,-0.005370522516778199,0.2617211,0.21343355,0.1472190396295599
2022-04-30,0.2008120867009551,0.1909267389174626,0.1844485366152338,0.1844485366152338,0.2019943561498446,0.20081931233921219,-0.0930371042612812,-0.025132705651713997,0.22702986,0.20395069,0.15707528417871514
2022-05-01,0.2079651144991427,0.1909267389174626,0.1844485366152338,0.1844485366152338,0.20957923802450562,0.2080411665947946,-0.09421298367108316,-0.02393143296896901,0.2202854,0.19878183,0.16438325693772354
2022-05-02,0.2796303881949546,0.1909267389174626,0.1844485366152338,0.1844485366152338,0.28213986755327897,0.27959423223844326,-0.05953533498333798,0.028233319477710024,0.23996529,0.24363804,0.1880574921512715
2022-05-03,0.2865556269899583,0.1909267389174626,0.1844485366152338,0.1844485366152338,0.2880596804518807,0.2867386049801401,-0.057030582054965834,0.03147185142923155,0.24295604,0.2715398,0.2042555791692547
2022-05-04,0.2759666911584619,0.1909267389174626,0.1844485366152338,0.1844485366152338,0.27716329128335687,0.27596965647980776,-0.05927320418502035,0.021998993184426746,0.25567535,0.27493095,0.18438817038142302
2022-05-05,0.2717942995346558,0.1909267389174626,0.1844485366152338,0.1844485366152338,0.272876621519778,0.27177396786420344,-0.06383257368367984,0.018586942942092094,0.2599246,0.26589936,0.24358826516137638
2022-05-06,0.2562064658339456,0.1909267389174626,0.1844485366152338,0.1844485366152338,0.2572789390133659,0.2561642245738686,-0.06966599986724437,0.009214737137908144,0.25644177,0.26315412,0.2253682353900484
2022-05-07,0.2165729549350966,0.1909267389174626,0.1844485366152338,0.1844485366152338,0.21693522918160915,0.21654333022743832,-0.09980730253835712,-0.023108412389109823,0.24448517,0.22763565,0.20329057065711537
2022-05-08,0.2109595273083516,0.1909267389174626,0.1844485366152338,0.1844485366152338,0.21153650294480594,0.21095855511693173,-0.10098318194815908,-0.025114342389582656,0.24506234,0.21202269,0.1881927327619604
2022-05-09,0.2481712894930197,0.1909267389174626,0.1844485366152338,0.1844485366152338,0.24982188483395054,0.2481405312673675,-0.06630553326041391,0.01332058481512384,0.25338262,0.25929412,0.15362641973362484
2022-05-10,0.2454336884643644,0.1909267389174626,0.1844485366152338,0.1844485366152338,0.24689423430045543,0.24538546961592134,-0.06380078033204176,0.013421901160819972,0.2508931,0.2691543,0.14481510234938183
2022-05-11,0.240450664339946,0.1909267389174626,0.1844485366152338,0.1844485366152338,0.24171354352386132,0.24048901759805327,-0.06604340246209628,0.009300742925696383,0.2526911,0.2602948,0.1527703368471674
2022-05-12,0.2463094232182218,0.1909267389174626,0.1844485366152338,0.1844485366152338,0.24809492947388656,0.24640487483840626,-0.07060277196075576,0.007915830364457185,0.25196254,0.24817854,0.15756592353747406
2022-05-13,0.2338011878520695,0.1909267389174626,0.1844485366152338,0.1844485366152338,0.2349662708786173,0.23375803941444312,-0.07643619814432029,-0.00123560953020466,0.24410678,0.24564731,0.16157802952395
2022-05-14,0.2144972140582904,0.1909267389174626,0.1844485366152338,0.1844485366152338,0.21550774054120092,0.2145406409078158,-0.10657750081543305,-0.027773574373338245,0.23037446,0.2262267,0.18316296035365381
2022-05-15,0.2123010347783492,0.1909267389174626,0.1844485366152338,0.1844485366152338,0.21300016521484066,0.21232455697292318,-0.10775338022523501,-0.0294600600948646,0.2311023,0.22262771,0.1863181310606859
2022-05-16,0.2422799412196913,0.1909267389174626,0.1844485366152338,0.1844485366152338,0.24362054750145604,0.24228908058217602,-0.07307573153748984,0.001955965727096602,0.24392034,0.2510812,0.17673374446050444
2022-05-17,0.2456963323536615,0.1909267389174626,0.1844485366152338,0.1844485366152338,0.24722416587224882,0.2456803320158922,-0.07057097860911768,0.006761647039595323,0.243067,0.24205127,0.183903683514215
2022-05-18,0.248159808963997,0.1909267389174626,0.1844485366152338,0.1844485366152338,0.24948357068547564,0.24814418652578293,-0.0728136007391722,0.004472842311534261,0.2455059,0.24650884,0.19086137194127956
2022-05-19,0.2474208608866029,0.1909267389174626,0.1844485366152338,0.1844485366152338,0.24887088659495157,0.24737911028974635,-0.07737297023783168,0.002952554465707642,0.24637908,0.25042057,0.18362354505981499
2022-05-20,0.2494916421748713,0.1909267389174626,0.1844485366152338,0.1844485366152338,0.25104569532128146,0.24951064633506329,-0.08320639642139621,-0.001500963267721804,0.24157847,0.24466567,0.19789974683837214
2022-05-21,0.2145678116580945,0.1909267389174626,0.1844485366152338,0.1844485366152338,0.21518082460487484,0.2146106590686857,-0.11334769909250897,-0.03245930026334669,0.22967473,0.21696614,0.18651906623446562
2022-05-22,0.2224464395052657,0.1909267389174626,0.1844485366152338,0.1844485366152338,0.2237429398941903,0.22246384141204695,-0.11452357850231093,-0.0323415589699573,0.23512721,0.21528693,0.19211322128714242
2022-05-23,0.2617549289737937,0.1909267389174626,0.1844485366152338,0.1844485366152338,0.263535057151181,0.2617931661058039,-0.07984592981456576,0.004317591372295919,0.2478643,0.26186278,0.20001707425282517
2022-05-24,0.2600700312270388,0.1909267389174626,0.1844485366152338,0.1844485366152338,0.26154823196366894,0.26028525562851174,-0.0773411768861936,0.0032862527267346793,0.24882573,0.26627,0.19576475130335608
2022-05-25,0.2629312852069556,0.1909267389174626,0.1844485366152338,0.1844485366152338,0.26445632443155265,0.2629766656435985,-0.07958379901624812,0.0029960331774446167,0.25235766,0.26116088,0.1970582512574009
2022-05-26,0.2707391011511143,0.1909267389174626,0.1844485366152338,0.1844485366152338,0.27247813022648526,0.27069687089295047,-0.08414316851490761,0.007921572722154054,0.25203893,0.26461822,0.2032015958236269
2022-05-27,0.2446303422728385,0.1909267389174626,0.1844485366152338,0.1844485366152338,0.2456940443880204,0.24449533955844,-0.08997659469847213,-0.007167568506613001,0.24741393,0.26927286,0.1815341910248361
2022-05-28,0.2057768491305412,0.1909267389174626,0.1844485366152338,0.1844485366152338,0.20587938742097478,0.20573871685997192,-0.12011789736958489,-0.04189152472840799,0.23520036,0.21712857,0.18120336661988118
2022-05-29,0.2002494489346069,0.1909267389174626,0.1844485366152338,0.1844485366152338,0.20026464797393784,0.20022485530730683,-0.12129377677938685,-0.04746916183231024,0.23427863,0.20771092,0.1653494817571453
2022-05-30,0.242496020083272,0.1909267389174626,0.1844485366152338,0.1844485366152338,0.24429836855371043,0.2424510522592898,-0.08661612809164168,-0.0037011714176101926,0.24225874,0.25184035,0.16406020721362152
2022-05-31,0.2414708547636541,0.1909267389174626,0.1844485366152338,0.1844485366152338,0.24291573569211367,0.24141326547180442,-0.08411137516326953,-0.004918780707212307,0.23840363,0.25179863,0.1677387060032896
2022-06-01,0.2417834805003678,0.1909267389174626,0.1844485366152338,0.1844485366152338,0.24286400958619744,0.24183149591786507,-0.08635399729332405,-0.0032367454419664037,0.24165368,0.24952163,0.1680974067555479
2022-06-02,0.2454303917956275,0.1909267389174626,0.1844485366152338,0.1844485366152338,0.2467147488243338,0.2453506406281999,-0.09091336679198353,-0.003275469512959619,0.2426122,0.25026608,0.16573601601586857
2022-06-03,0.2383349358974358,0.1909267389174626,0.1844485366152338,0.1844485366152338,0.239368784272542,0.23839362549774246,-0.09674679297554806,-0.009578627799739076,0.23562533,0.23849355,0.18057116739393392
2022-06-04,0.2127194691907943,0.1909267389174626,0.1844485366152338,0.1844485366152338,0.21325390420045262,0.21271212032249087,-0.12688809564666081,-0.035638027415303676,0.215021,0.207928,0.18941831694857397
2022-06-05,0.2139326334208224,0.1909267389174626,0.1844485366152338,0.1844485366152338,0.21441340631614492,0.21404641600224067,-0.12806397505646278,-0.039361459993733465,0.22216684,0.21023402,0.1939292160229496
